boutique_id,nom_produit,prix,couleur,capacite,ram,modele,image
57,Poco C3 64 C3 64,8999,Black,64,4,30,https://i.ebayimg.com/00/s/MTUwMFg3MDY%3D/z/jZ0AAOSwmENf~tiZ/%24_57.JPG?set_id=8800005007
58,Poco M3 64 M3 64,10999,Blue,64,4,100,https://m.media-amazon.com/images/I/61MYP5oYCxS._AC_UF894%2C1000_QL80_.jpg
59,Poco M2 Reloaded 64 M2 Reloaded 64,9999,Blue,64,4,98,https://i.ebayimg.com/images/g/EGUAAOSwYV1lhxl8/s-l1200.jpg
60,Poco C3 32 C3 32,7999,Blue,32,3,29,https://i.ebayimg.com/00/s/MTUwMFg3MDY%3D/z/jZ0AAOSwmENf~tiZ/%24_57.JPG?set_id=8800005007
61,Poco M3 64 M3 64,11999,Black,64,6,100,https://m.media-amazon.com/images/I/61MYP5oYCxS._AC_UF894%2C1000_QL80_.jpg
62,Poco C3 32 C3 32,7999,Black,32,3,29,https://i.ebayimg.com/00/s/MTUwMFg3MDY%3D/z/jZ0AAOSwmENf~tiZ/%24_57.JPG?set_id=8800005007
63,Poco M3 64 M3 64,11999,Blue,64,6,100,https://m.media-amazon.com/images/I/61MYP5oYCxS._AC_UF894%2C1000_QL80_.jpg
64,Poco M2 Reloaded 64 M2 Reloaded 64,9999,Black,64,4,98,https://i.ebayimg.com/images/g/EGUAAOSwYV1lhxl8/s-l1200.jpg
65,Poco M3 64 M3 64,11999,Yellow,64,6,100,https://m.media-amazon.com/images/I/61MYP5oYCxS._AC_UF894%2C1000_QL80_.jpg
66,Poco M3 64 M3 64,10999,Yellow,64,4,100,https://m.media-amazon.com/images/I/61MYP5oYCxS._AC_UF894%2C1000_QL80_.jpg
67,Poco M3 64 M3 64,10999,Black,64,4,100,https://m.media-amazon.com/images/I/61MYP5oYCxS._AC_UF894%2C1000_QL80_.jpg
68,Poco M3 128 M3 128,12999,Black,128,6,99,https://m.media-amazon.com/images/I/61MYP5oYCxS._AC_UF894%2C1000_QL80_.jpg
69,Poco C3 64 C3 64,8999,Blue,64,4,30,https://i.ebayimg.com/00/s/MTUwMFg3MDY%3D/z/jZ0AAOSwmENf~tiZ/%24_57.JPG?set_id=8800005007
70,Poco C3 32 C3 32,7999,Green,32,3,29,https://i.ebayimg.com/00/s/MTUwMFg3MDY%3D/z/jZ0AAOSwmENf~tiZ/%24_57.JPG?set_id=8800005007
71,Poco C3 64 C3 64,8999,Green,64,4,30,https://i.ebayimg.com/00/s/MTUwMFg3MDY%3D/z/jZ0AAOSwmENf~tiZ/%24_57.JPG?set_id=8800005007
73,Poco M3 Pro 5G 128 M3 Pro 5G 128,16499,Yellow,128,6,101,https://i.ebayimg.com/images/g/M34AAOSwuR5hCQHo/s-l1200.jpg
77,Poco M3 Pro 5G 64 M3 Pro 5G 64,14499,Blue,64,4,102,https://i.ebayimg.com/images/g/M34AAOSwuR5hCQHo/s-l1200.jpg
78,Poco M3 Pro 5G 128 M3 Pro 5G 128,16499,Blue,128,6,101,https://i.ebayimg.com/images/g/M34AAOSwuR5hCQHo/s-l1200.jpg
79,Poco M2 Pro 128 M2 Pro 128,15999,Others,128,6,96,https://i.ebayimg.com/images/g/RlAAAOSwg0NjFuEw/s-l1200.jpg
81,Poco M3 Pro 5G 128 M3 Pro 5G 128,16499,Black,128,6,101,https://i.ebayimg.com/images/g/M34AAOSwuR5hCQHo/s-l1200.jpg
82,Poco M2 Pro 128 M2 Pro 128,15999,Black,128,6,96,https://i.ebayimg.com/images/g/RlAAAOSwg0NjFuEw/s-l1200.jpg
83,Poco M2 Pro 128 M2 Pro 128,15999,Blue,128,6,96,https://i.ebayimg.com/images/g/RlAAAOSwg0NjFuEw/s-l1200.jpg
85,Poco M3 128 M3 128,12999,Blue,128,6,99,https://m.media-amazon.com/images/I/61MYP5oYCxS._AC_UF894%2C1000_QL80_.jpg
86,Poco M3 Pro 5G 64 M3 Pro 5G 64,14499,Yellow,64,4,102,https://i.ebayimg.com/images/g/M34AAOSwuR5hCQHo/s-l1200.jpg
87,Poco F3 GT 128 F3 GT 128,28999,Black,128,8,33,https://i.ebayimg.com/images/g/0eQAAOSwo8hhPPUZ/s-l1200.jpg
88,Poco M2 Pro 64 M2 Pro 64,14999,Blue,64,6,97,https://i.ebayimg.com/images/g/RlAAAOSwg0NjFuEw/s-l1200.jpg
89,Poco M2 Pro 64 M2 Pro 64,13999,Blue,64,4,97,https://i.ebayimg.com/images/g/RlAAAOSwg0NjFuEw/s-l1200.jpg
90,Poco M2 Pro 64 M2 Pro 64,13999,Others,64,4,97,https://i.ebayimg.com/images/g/RlAAAOSwg0NjFuEw/s-l1200.jpg
91,Poco M2 Pro 64 M2 Pro 64,13999,Black,64,4,97,https://i.ebayimg.com/images/g/RlAAAOSwg0NjFuEw/s-l1200.jpg
93,Poco F3 GT 256 F3 GT 256,30999,Silver,256,8,34,https://i.ebayimg.com/images/g/0eQAAOSwo8hhPPUZ/s-l1200.jpg
94,Poco F3 GT 256 F3 GT 256,30999,Black,256,8,34,https://i.ebayimg.com/images/g/0eQAAOSwo8hhPPUZ/s-l1200.jpg
95,Poco F3 GT 128 F3 GT 128,28999,Silver,128,8,33,https://i.ebayimg.com/images/g/0eQAAOSwo8hhPPUZ/s-l1200.jpg
96,Poco F3 GT 128 F3 GT 128,26999,Black,128,6,33,https://i.ebayimg.com/images/g/0eQAAOSwo8hhPPUZ/s-l1200.jpg
97,Poco F3 GT 128 F3 GT 128,26999,Silver,128,6,33,https://i.ebayimg.com/images/g/0eQAAOSwo8hhPPUZ/s-l1200.jpg
98,Poco F1 256 F1 256,21999,Blue,256,8,32,https://helios-i.mashable.com/imagery/reviews/000qopQd4I9Ta29Jv6Zqezz/hero-image.fill.size_1248x702.v1623373509.jpg
99,Poco F1 128 F1 128,18999,Black,128,6,31,https://helios-i.mashable.com/imagery/reviews/000qopQd4I9Ta29Jv6Zqezz/hero-image.fill.size_1248x702.v1623373509.jpg
100,Poco M3 128 M3 128,12999,Yellow,128,6,99,https://m.media-amazon.com/images/I/61MYP5oYCxS._AC_UF894%2C1000_QL80_.jpg
101,Poco M2 Pro 64 M2 Pro 64,14999,Black,64,6,97,https://i.ebayimg.com/images/g/RlAAAOSwg0NjFuEw/s-l1200.jpg
102,Poco M2 Pro 64 M2 Pro 64,14999,Others,64,6,97,https://i.ebayimg.com/images/g/RlAAAOSwg0NjFuEw/s-l1200.jpg
103,Poco M2 128 M2 128,11499,Red,128,6,94,https://i.ebayimg.com/images/g/EGUAAOSwYV1lhxl8/s-l1200.jpg
108,Poco M2 128 M2 128,11499,Black,128,6,94,https://i.ebayimg.com/images/g/EGUAAOSwYV1lhxl8/s-l1200.jpg
109,Poco M2 128 M2 128,11499,Blue,128,6,94,https://i.ebayimg.com/images/g/EGUAAOSwYV1lhxl8/s-l1200.jpg
112,Poco M2 64 M2 64,10499,Red,64,6,95,https://i.ebayimg.com/images/g/EGUAAOSwYV1lhxl8/s-l1200.jpg
113,Realme C20 32 C20 32,7499,Blue,32,2,23,https://i.ebayimg.com/images/g/NToAAOSwnCtgcEDA/s-l1200.jpg
114,Realme C20 32 C20 32,7499,Gray,32,2,23,https://i.ebayimg.com/images/g/NToAAOSwnCtgcEDA/s-l1200.jpg
115,Realme C11 2021 32 C11 2021 32,7299,Gray,32,2,16,https://m.media-amazon.com/images/I/51JfMJzwCqL.jpg
116,Realme C11 2021 32 C11 2021 32,7299,Blue,32,2,16,https://m.media-amazon.com/images/I/51JfMJzwCqL.jpg
117,Realme C21Y 64 C21Y 64,9999,Black,64,4,26,https://m.media-amazon.com/images/I/61BklRUXVnL.jpg
118,Realme C21Y 64 C21Y 64,9999,Blue,64,4,26,https://m.media-amazon.com/images/I/61BklRUXVnL.jpg
123,Realme C21 64 C21 64,9999,Blue,64,4,25,https://m.media-amazon.com/images/I/61B9PEA8LzS.jpg
124,Realme C21 32 C21 32,8999,Blue,32,3,24,https://m.media-amazon.com/images/I/61B9PEA8LzS.jpg
125,Realme C21 64 C21 64,9999,Black,64,4,25,https://m.media-amazon.com/images/I/61B9PEA8LzS.jpg
126,Realme C21 32 C21 32,8999,Black,32,3,24,https://m.media-amazon.com/images/I/61B9PEA8LzS.jpg
128,Realme C11 2021 64 C11 2021 64,8799,Blue,64,4,17,https://m.media-amazon.com/images/I/51JfMJzwCqL.jpg
132,Realme C11 2021 64 C11 2021 64,8799,Gray,64,4,17,https://m.media-amazon.com/images/I/51JfMJzwCqL.jpg
133,Realme 8s 5G 128 8s 5G 128,17999,Purple,128,6,14,https://m.media-amazon.com/images/I/61H4KiGTsFL._AC_UF894%2C1000_QL80_.jpg
134,Realme 8s 5G 128 8s 5G 128,17999,Blue,128,6,14,https://m.media-amazon.com/images/I/61H4KiGTsFL._AC_UF894%2C1000_QL80_.jpg
138,Realme 8 5G 128 8 5G 128,16499,Black,128,4,11,https://m.media-amazon.com/images/I/61H4KiGTsFL._AC_UF894%2C1000_QL80_.jpg
139,Realme 8 5G 64 8 5G 64,15499,Blue,64,4,12,https://m.media-amazon.com/images/I/61H4KiGTsFL._AC_UF894%2C1000_QL80_.jpg
140,Realme 8 5G 64 8 5G 64,15499,Black,64,4,12,https://m.media-amazon.com/images/I/61H4KiGTsFL._AC_UF894%2C1000_QL80_.jpg
141,Realme 8 Pro 128 8 Pro 128,20149,Black,128,8,13,https://m.media-amazon.com/images/I/51uASLmPn%2BS._AC_UF894%2C1000_QL80_.jpg
142,Realme C15 32 C15 32,9999,Blue,32,3,19,https://i.ebayimg.com/images/g/YhcAAOSwcQ1ggokz/s-l1200.png
143,Realme 8 5G 128 8 5G 128,18499,Blue,128,8,11,https://m.media-amazon.com/images/I/61H4KiGTsFL._AC_UF894%2C1000_QL80_.jpg
144,Realme 8 5G 128 8 5G 128,18499,Black,128,8,11,https://m.media-amazon.com/images/I/61H4KiGTsFL._AC_UF894%2C1000_QL80_.jpg
145,Realme 8 5G 128 8 5G 128,16499,Blue,128,4,11,https://m.media-amazon.com/images/I/61H4KiGTsFL._AC_UF894%2C1000_QL80_.jpg
146,Realme 8 Pro 128 8 Pro 128,18149,Black,128,6,13,https://m.media-amazon.com/images/I/51uASLmPn%2BS._AC_UF894%2C1000_QL80_.jpg
147,Realme 8 Pro 128 8 Pro 128,20149,Blue,128,8,13,https://m.media-amazon.com/images/I/51uASLmPn%2BS._AC_UF894%2C1000_QL80_.jpg
148,Realme 8 128 8 128,17999,Silver,128,8,10,https://m.media-amazon.com/images/I/61H4KiGTsFL._AC_UF894%2C1000_QL80_.jpg
149,Realme 8 128 8 128,15999,Black,128,4,10,https://m.media-amazon.com/images/I/61H4KiGTsFL._AC_UF894%2C1000_QL80_.jpg
150,Realme 8 128 8 128,16999,Black,128,6,10,https://m.media-amazon.com/images/I/61H4KiGTsFL._AC_UF894%2C1000_QL80_.jpg
151,Realme 8 128 8 128,17999,Black,128,8,10,https://m.media-amazon.com/images/I/61H4KiGTsFL._AC_UF894%2C1000_QL80_.jpg
152,Realme 8 128 8 128,16999,Silver,128,6,10,https://m.media-amazon.com/images/I/61H4KiGTsFL._AC_UF894%2C1000_QL80_.jpg
153,Realme GT Master Edition 256 GT Master Edition 256,29999,White,256,8,38,https://m.media-amazon.com/images/I/71blWA0PBPL.jpg
155,Realme 7 64 7 64,14999,Blue,64,6,8,https://m.media-amazon.com/images/I/814J5iTgy5L.jpg
158,Realme C12 32 C12 32,8999,Silver,32,3,18,https://i.ebayimg.com/images/g/v6EAAOSwgkxk8FPb/s-l1200.jpg
159,Realme C11 32 C11 32,7499,Gray,32,2,15,https://m.media-amazon.com/images/I/51Yw3Znz9oL.jpg
160,Realme C11 32 C11 32,7499,Green,32,2,15,https://m.media-amazon.com/images/I/51Yw3Znz9oL.jpg
162,Realme GT Master Edition 128 GT Master Edition 128,27999,Black,128,8,37,https://m.media-amazon.com/images/I/71blWA0PBPL.jpg
163,Realme GT Master Edition 128 GT Master Edition 128,27999,Gray,128,8,37,https://m.media-amazon.com/images/I/71blWA0PBPL.jpg
164,Realme GT Master Edition 128 GT Master Edition 128,25999,Black,128,6,37,https://m.media-amazon.com/images/I/71blWA0PBPL.jpg
167,Realme GT Master Edition 128 GT Master Edition 128,25999,Gray,128,6,37,https://m.media-amazon.com/images/I/71blWA0PBPL.jpg
168,Realme GT Master Edition 128 GT Master Edition 128,27999,White,128,8,37,https://m.media-amazon.com/images/I/71blWA0PBPL.jpg
169,Realme GT Master Edition 256 GT Master Edition 256,29999,Gray,256,8,38,https://m.media-amazon.com/images/I/71blWA0PBPL.jpg
170,Realme GT Master Edition 256 GT Master Edition 256,29999,Black,256,8,38,https://m.media-amazon.com/images/I/71blWA0PBPL.jpg
171,Realme GT Master Edition 128 GT Master Edition 128,25999,White,128,6,37,https://m.media-amazon.com/images/I/71blWA0PBPL.jpg
178,Realme GT 5G 128 GT 5G 128,37999,Silver,128,8,35,https://i.ebayimg.com/images/g/ZVMAAOSwXbBm61cI/s-l1200.jpg
179,Realme 7 128 7 128,17999,White,128,8,7,https://m.media-amazon.com/images/I/814J5iTgy5L.jpg
180,Realme 5 Pro 128 5 Pro 128,16999,Blue,128,8,2,https://m.media-amazon.com/images/I/51ZllmIfMSL._AC_UF894%2C1000_QL80_.jpg
181,Realme 5 Pro 64 5 Pro 64,14999,Blue,64,6,3,https://m.media-amazon.com/images/I/51ZllmIfMSL._AC_UF894%2C1000_QL80_.jpg
184,Realme Narzo 20 Pro 64 Narzo 20 Pro 64,14999,Others,64,6,118,https://i.ebayimg.com/images/g/sFAAAOSw8H1lxyt0/s-l1200.jpg
185,Realme 7 Pro 128 7 Pro 128,21999,Silver,128,8,9,https://www.zdnet.com/a/img/resize/f3e004d03cd4d76b87381ce6a48f6c8bb1570b08/2020/11/05/d4dec8cf-b748-482d-b906-0cefcb9debdf/realme-7-pro-header.jpg?auto=webp&fit=crop&height=675&width=1200
186,Realme 7 Pro 128 7 Pro 128,21999,Others,128,8,9,https://www.zdnet.com/a/img/resize/f3e004d03cd4d76b87381ce6a48f6c8bb1570b08/2020/11/05/d4dec8cf-b748-482d-b906-0cefcb9debdf/realme-7-pro-header.jpg?auto=webp&fit=crop&height=675&width=1200
187,Realme 3i 64 3i 64,10499,Red,64,4,1,https://www.notebookcheck.net/uploads/tx_nbc2/OppoRealme3i__1_.JPG
188,Realme 3i 64 3i 64,10499,Blue,64,4,1,https://www.notebookcheck.net/uploads/tx_nbc2/OppoRealme3i__1_.JPG
191,Realme GT 5G 128 GT 5G 128,37999,Blue,128,8,35,https://i.ebayimg.com/images/g/ZVMAAOSwXbBm61cI/s-l1200.jpg
192,Realme 5 Pro 64 5 Pro 64,13999,Green,64,4,3,https://m.media-amazon.com/images/I/51ZllmIfMSL._AC_UF894%2C1000_QL80_.jpg
194,Realme C2 16 C2 16,6499,Blue,16,2,21,https://www.giztop.com/media/catalog/product/cache/97cc1143d2e20f2b0c8ea91aaa12053c/r/e/realme_c2.jpg
195,Realme GT 5G 256 GT 5G 256,41999,Yellow,256,12,36,https://i.ebayimg.com/images/g/ZVMAAOSwXbBm61cI/s-l1200.jpg
198,Realme 6 64 6 64,14999,Blue,64,6,5,https://m.media-amazon.com/images/I/51R3ROcs1CS.jpg
199,Realme C2 32 C2 32,6999,Black,32,2,22,https://www.giztop.com/media/catalog/product/cache/97cc1143d2e20f2b0c8ea91aaa12053c/r/e/realme_c2.jpg
200,Realme C2 32 C2 32,7499,Black,32,3,22,https://www.giztop.com/media/catalog/product/cache/97cc1143d2e20f2b0c8ea91aaa12053c/r/e/realme_c2.jpg
204,Realme 6 128 6 128,16999,Blue,128,8,4,https://m.media-amazon.com/images/I/51R3ROcs1CS.jpg
205,Realme 6i 64 6i 64,12999,White,64,4,6,https://i5.walmartimages.com/seo/Realme-6i-64GB-3GB-6-5-Dual-SIM-GSM-Unlocked-Global-4G-LTE-RMX2040_8c4211ba-6ebe-4200-9c4d-6d2f9188c4ea.3579b66cadf3ce3f1ea64499d0e1cedc.jpeg
206,Realme 6 64 6 64,14999,White,64,6,5,https://m.media-amazon.com/images/I/51R3ROcs1CS.jpg
210,Realme C15 64 C15 64,10999,Blue,64,4,20,https://i.ebayimg.com/images/g/YhcAAOSwcQ1ggokz/s-l1200.png
211,Realme C15 64 C15 64,10999,Silver,64,4,20,https://i.ebayimg.com/images/g/YhcAAOSwcQ1ggokz/s-l1200.png
212,Realme 8 Pro 128 8 Pro 128,18149,Blue,128,6,13,https://m.media-amazon.com/images/I/51uASLmPn%2BS._AC_UF894%2C1000_QL80_.jpg
213,Realme C25 64 C25 64,9999,Gray,64,4,28,https://www.notebookcheck.net/uploads/tx_nbc2/RealmeC25__1_.png
214,Realme 8 128 8 128,15999,Silver,128,4,10,https://m.media-amazon.com/images/I/61H4KiGTsFL._AC_UF894%2C1000_QL80_.jpg
215,Realme C25 64 C25 64,9999,Blue,64,4,28,https://www.notebookcheck.net/uploads/tx_nbc2/RealmeC25__1_.png
216,Realme C15 32 C15 32,9999,Silver,32,3,19,https://i.ebayimg.com/images/g/YhcAAOSwcQ1ggokz/s-l1200.png
217,Realme 8 Pro 128 8 Pro 128,20149,Yellow,128,8,13,https://m.media-amazon.com/images/I/51uASLmPn%2BS._AC_UF894%2C1000_QL80_.jpg
218,Realme 8 Pro 128 8 Pro 128,18149,Yellow,128,6,13,https://m.media-amazon.com/images/I/51uASLmPn%2BS._AC_UF894%2C1000_QL80_.jpg
219,Realme C25 128 C25 128,10999,Gray,128,4,27,https://www.notebookcheck.net/uploads/tx_nbc2/RealmeC25__1_.png
220,Realme C25 128 C25 128,10999,Blue,128,4,27,https://www.notebookcheck.net/uploads/tx_nbc2/RealmeC25__1_.png
222,Realme C12 32 C12 32,8999,Blue,32,3,18,https://i.ebayimg.com/images/g/v6EAAOSwgkxk8FPb/s-l1200.jpg
224,Realme 3i 64 3i 64,10499,Black,64,4,1,https://www.notebookcheck.net/uploads/tx_nbc2/OppoRealme3i__1_.JPG
225,Realme 5 Pro 128 5 Pro 128,16999,Green,128,8,2,https://m.media-amazon.com/images/I/51ZllmIfMSL._AC_UF894%2C1000_QL80_.jpg
1,Realme 7 Pro 128 7 Pro 128,19999,Blue,128,6,9,https://www.zdnet.com/a/img/resize/f3e004d03cd4d76b87381ce6a48f6c8bb1570b08/2020/11/05/d4dec8cf-b748-482d-b906-0cefcb9debdf/realme-7-pro-header.jpg?auto=webp&fit=crop&height=675&width=1200
2,Realme 7 128 7 128,17999,Blue,128,8,7,https://m.media-amazon.com/images/I/814J5iTgy5L.jpg
3,Realme 7 Pro 128 7 Pro 128,19999,Others,128,6,9,https://www.zdnet.com/a/img/resize/f3e004d03cd4d76b87381ce6a48f6c8bb1570b08/2020/11/05/d4dec8cf-b748-482d-b906-0cefcb9debdf/realme-7-pro-header.jpg?auto=webp&fit=crop&height=675&width=1200
4,Realme 7 Pro 128 7 Pro 128,21999,Blue,128,8,9,https://www.zdnet.com/a/img/resize/f3e004d03cd4d76b87381ce6a48f6c8bb1570b08/2020/11/05/d4dec8cf-b748-482d-b906-0cefcb9debdf/realme-7-pro-header.jpg?auto=webp&fit=crop&height=675&width=1200
5,Realme 7 Pro 128 7 Pro 128,19999,Silver,128,6,9,https://www.zdnet.com/a/img/resize/f3e004d03cd4d76b87381ce6a48f6c8bb1570b08/2020/11/05/d4dec8cf-b748-482d-b906-0cefcb9debdf/realme-7-pro-header.jpg?auto=webp&fit=crop&height=675&width=1200
6,Realme 5 Pro 64 5 Pro 64,14999,White,64,6,3,https://m.media-amazon.com/images/I/51ZllmIfMSL._AC_UF894%2C1000_QL80_.jpg
7,Realme 5 Pro 64 5 Pro 64,14999,Green,64,6,3,https://m.media-amazon.com/images/I/51ZllmIfMSL._AC_UF894%2C1000_QL80_.jpg
8,Realme 7 64 7 64,14999,White,64,6,8,https://m.media-amazon.com/images/I/814J5iTgy5L.jpg
9,Realme Narzo 20 Pro 128 Narzo 20 Pro 128,16999,Others,128,8,117,https://i.ebayimg.com/images/g/sFAAAOSw8H1lxyt0/s-l1200.jpg
12,Realme Narzo 20 64 Narzo 20 64,10499,Blue,64,4,116,https://i.ebayimg.com/images/g/NQ8AAOSwT2llxytz/s-l1200.jpg
13,Realme Narzo 20 64 Narzo 20 64,10499,Silver,64,4,116,https://i.ebayimg.com/images/g/NQ8AAOSwT2llxytz/s-l1200.jpg
14,Realme Narzo 20 128 Narzo 20 128,11499,Silver,128,4,115,https://i.ebayimg.com/images/g/NQ8AAOSwT2llxytz/s-l1200.jpg
15,Realme Narzo 10A 64 Narzo 10A 64,9999,White,64,4,114,https://i.ebayimg.com/images/g/0vEAAOSwaOFl-sya/s-l1200.jpg
17,Realme Narzo 20 128 Narzo 20 128,11499,Blue,128,4,115,https://i.ebayimg.com/images/g/NQ8AAOSwT2llxytz/s-l1200.jpg
18,Realme C2 16 C2 16,6499,Black,16,2,21,https://www.giztop.com/media/catalog/product/cache/97cc1143d2e20f2b0c8ea91aaa12053c/r/e/realme_c2.jpg
19,Realme Narzo 10A 32 Narzo 10A 32,8999,White,32,3,113,https://i.ebayimg.com/images/g/0vEAAOSwaOFl-sya/s-l1200.jpg
20,Realme Narzo 10A 32 Narzo 10A 32,8999,Blue,32,3,113,https://i.ebayimg.com/images/g/0vEAAOSwaOFl-sya/s-l1200.jpg
21,Realme Narzo 20A 32 Narzo 20A 32,8499,Silver,32,3,119,https://fdn2.gsmarena.com/vv/bigpic/realme-narzo-20a.jpg
22,Realme Narzo 10 128 Narzo 10 128,11999,Green,128,4,112,https://www.corning.com/microsites/csm/gorillaglass/Realme/CGG_RealmeNarzo10.jpg
23,Realme Narzo 10 128 Narzo 10 128,11999,White,128,4,112,https://www.corning.com/microsites/csm/gorillaglass/Realme/CGG_RealmeNarzo10.jpg
24,Realme Narzo 20A 64 Narzo 20A 64,9499,Silver,64,4,120,https://fdn2.gsmarena.com/vv/bigpic/realme-narzo-20a.jpg
25,Samsung Galaxy F22 64 Galaxy F22 64,12999,Black,64,4,65,https://i.ebayimg.com/images/g/zzsAAOSwtLVmpOuZ/s-l1200.jpg
26,Samsung Galaxy F22 64 Galaxy F22 64,12999,Blue,64,4,65,https://i.ebayimg.com/images/g/zzsAAOSwtLVmpOuZ/s-l1200.jpg
27,Samsung Galaxy F22 128 Galaxy F22 128,14999,Blue,128,6,64,https://i.ebayimg.com/images/g/zzsAAOSwtLVmpOuZ/s-l1200.jpg
28,Samsung Galaxy F22 128 Galaxy F22 128,14999,Black,128,6,64,https://i.ebayimg.com/images/g/zzsAAOSwtLVmpOuZ/s-l1200.jpg
29,Samsung Galaxy F12 64 Galaxy F12 64,11499,Blue,64,4,63,https://fdn2.gsmarena.com/vv/bigpic/samsung-galaxy-f12.jpg
30,Samsung Galaxy F12 64 Galaxy F12 64,11499,Green,64,4,63,https://fdn2.gsmarena.com/vv/bigpic/samsung-galaxy-f12.jpg
31,Samsung M02s 32 M02s 32,9569,Blue,32,3,92,https://i.ebayimg.com/images/g/wfwAAOSweUtgBnAL/s-l1200.jpg
32,Samsung Galaxy M02 32 Galaxy M02 32,8278,Blue,32,2,74,https://i.ebayimg.com/images/g/m4IAAOSwG8tgJQLs/s-l400.jpg
33,Samsung Galaxy A22 128 Galaxy A22 128,18499,Black,128,6,49,https://i.ebayimg.com/images/g/AqIAAOSw0N9hGG~N/s-l1200.jpg
34,Samsung Galaxy F12 128 Galaxy F12 128,12499,Green,128,4,62,https://fdn2.gsmarena.com/vv/bigpic/samsung-galaxy-f12.jpg
35,Samsung Galaxy F12 64 Galaxy F12 64,11499,Black,64,4,63,https://fdn2.gsmarena.com/vv/bigpic/samsung-galaxy-f12.jpg
36,Samsung Galaxy F12 128 Galaxy F12 128,12499,Blue,128,4,62,https://fdn2.gsmarena.com/vv/bigpic/samsung-galaxy-f12.jpg
37,Samsung Galaxy A52s 5G 128 Galaxy A52s 5G 128,37499,White,128,8,55,https://m.media-amazon.com/images/I/61tW%2BIqxmeL.jpg
38,Samsung Galaxy M32 64 Galaxy M32 64,14750,Black,64,4,79,https://i5.walmartimages.com/seo/SAMSUNG-Galaxy-M32-128GB-6GB-6-4-GSM-Unlocked-US-Global-4G-VoLTE-M325FV-DS_ae57a476-2116-4344-92cc-bcc396b69619.7ff5456aa3fc7293a47504dd4852b0dd.jpeg?odnHeight=768&odnWidth=768&odnBg=FFFFFF
39,Samsung Galaxy F12 128 Galaxy F12 128,12499,Black,128,4,62,https://fdn2.gsmarena.com/vv/bigpic/samsung-galaxy-f12.jpg
40,Samsung Galaxy Z Flip3 5G 256 Galaxy Z Flip3 5G 256,88999,Others,256,8,89,https://m.media-amazon.com/images/I/51DhX1XpliL.jpg
41,Samsung Galaxy M02 32 Galaxy M02 32,8238,Black,32,2,74,https://i.ebayimg.com/images/g/m4IAAOSwG8tgJQLs/s-l400.jpg
42,Samsung Galaxy A22 5G 128 Galaxy A22 5G 128,21999,Gray,128,8,50,https://images.samsung.com/is/image/samsung/p6pim/levant/feature/150669991/levant-feature-galaxy-a22-5g-a226-496143521?$FB_TYPE_A_MO_JPG$
43,Samsung Galaxy A21s 128 Galaxy A21s 128,17499,Black,128,6,47,https://m.media-amazon.com/images/I/618DO53uuGL.jpg
44,Samsung Galaxy A03s 64 Galaxy A03s 64,12499,Black,64,4,40,https://image-us.samsung.com/SamsungUS/home/mobile/phones/pdp/galazy-a/galaxy-a03s/gallery/black/Galaxy-A03s-black-1.jpg?$product-details-jpg$
45,Samsung Galaxy M31 128 Galaxy M31 128,17599,Black,128,6,77,https://i.ebayimg.com/images/g/MgQAAOSw7cdffYib/s-l1200.jpg
46,Samsung Galaxy M31 128 Galaxy M31 128,18666,Blue,128,8,77,https://i.ebayimg.com/images/g/MgQAAOSw7cdffYib/s-l1200.jpg
47,Samsung Galaxy A51 128 Galaxy A51 128,22499,Black,128,8,53,https://m.media-amazon.com/images/I/81Mz%2BmHMdbL.jpg
48,Samsung Galaxy A72 128 Galaxy A72 128,34225,Black,128,8,58,https://m.media-amazon.com/images/I/51%2Bl9agvu3S._AC_UF894%2C1000_QL80_.jpg
49,Samsung Galaxy A51 128 Galaxy A51 128,22499,Blue,128,8,53,https://m.media-amazon.com/images/I/81Mz%2BmHMdbL.jpg
50,Samsung Galaxy A21s 128 Galaxy A21s 128,17499,Blue,128,6,47,https://m.media-amazon.com/images/I/618DO53uuGL.jpg
51,Samsung Galaxy A12 64 Galaxy A12 64,12176,Blue,64,4,43,https://m.media-amazon.com/images/I/91MYZ050dYS.jpg
52,Samsung Galaxy Z Flip3 5G 128 Galaxy Z Flip3 5G 128,84999,Black,128,8,88,https://m.media-amazon.com/images/I/51DhX1XpliL.jpg
53,Samsung Galaxy F62 128 Galaxy F62 128,23999,Gray,128,6,68,https://www.notebookcheck.net/uploads/tx_nbc2/SamsungGalaxyF62.jpg
54,Samsung Galaxy A22 5G 128 Galaxy A22 5G 128,20288,Gray,128,6,50,https://images.samsung.com/is/image/samsung/p6pim/levant/feature/150669991/levant-feature-galaxy-a22-5g-a226-496143521?$FB_TYPE_A_MO_JPG$
55,Samsung Galaxy A31 128 Galaxy A31 128,16999,Blue,128,6,51,https://m.media-amazon.com/images/I/61a5ejk6K2L.jpg
56,Samsung Galaxy A52 128 Galaxy A52 128,27499,Black,128,6,54,https://m.media-amazon.com/images/I/61pj9th6ZOL._AC_UF350%2C350_QL50_.jpg
57,Samsung Galaxy A21s 128 Galaxy A21s 128,17499,Silver,128,6,47,https://m.media-amazon.com/images/I/618DO53uuGL.jpg
58,Samsung Galaxy A12 128 Galaxy A12 128,16499,Black,128,6,42,https://m.media-amazon.com/images/I/91MYZ050dYS.jpg
59,Samsung Galaxy F62 128 Galaxy F62 128,23999,Green,128,6,68,https://www.notebookcheck.net/uploads/tx_nbc2/SamsungGalaxyF62.jpg
60,Samsung Galaxy A03s 32 Galaxy A03s 32,11499,Black,32,3,39,https://image-us.samsung.com/SamsungUS/home/mobile/phones/pdp/galazy-a/galaxy-a03s/gallery/black/Galaxy-A03s-black-1.jpg?$product-details-jpg$
61,Samsung Galaxy F02s 64 Galaxy F02s 64,10499,Black,64,4,61,https://images.samsung.com/is/image/samsung/p6pim/in/sm-e025fakeins/gallery/in-galaxy-f02s-3gb-ram-sm-e025fakeins-420175964?$624_624_PNG$
62,Samsung Galaxy F62 128 Galaxy F62 128,23999,Blue,128,6,68,https://www.notebookcheck.net/uploads/tx_nbc2/SamsungGalaxyF62.jpg
63,Samsung Galaxy A52s 5G 128 Galaxy A52s 5G 128,37499,Black,128,8,55,https://m.media-amazon.com/images/I/61tW%2BIqxmeL.jpg
64,Samsung Galaxy F02s 64 Galaxy F02s 64,10499,Blue,64,4,61,https://images.samsung.com/is/image/samsung/p6pim/in/sm-e025fakeins/gallery/in-galaxy-f02s-3gb-ram-sm-e025fakeins-420175964?$624_624_PNG$
65,Samsung Galaxy M11 64 Galaxy M11 64,10986,Black,64,4,75,https://i.ebayimg.com/images/g/J~AAAOSwOI9nQOC0/s-l1200.jpg
66,Samsung Galaxy F41 64 Galaxy F41 64,15999,Green,64,6,67,https://www.corning.com/microsites/csm/gorillaglass/Samsung/CGG_samsung-galaxy-f41.jpg
67,Samsung Galaxy Z Flip3 5G 128 Galaxy Z Flip3 5G 128,84999,Others,128,8,88,https://m.media-amazon.com/images/I/51DhX1XpliL.jpg
68,Samsung Galaxy A12 64 Galaxy A12 64,12390,White,64,4,43,https://m.media-amazon.com/images/I/91MYZ050dYS.jpg
69,Samsung Galaxy A12 128 Galaxy A12 128,16499,White,128,6,42,https://m.media-amazon.com/images/I/91MYZ050dYS.jpg
70,Samsung Galaxy A22 5G 128 Galaxy A22 5G 128,20696,Others,128,6,50,https://images.samsung.com/is/image/samsung/p6pim/levant/feature/150669991/levant-feature-galaxy-a22-5g-a226-496143521?$FB_TYPE_A_MO_JPG$
71,Samsung Galaxy A21s 64 Galaxy A21s 64,14999,Blue,64,4,48,https://m.media-amazon.com/images/I/618DO53uuGL.jpg
72,Samsung Galaxy A31 128 Galaxy A31 128,22990,White,128,6,51,https://m.media-amazon.com/images/I/61a5ejk6K2L.jpg
73,Samsung Galaxy A51 128 Galaxy A51 128,20999,Silver,128,6,53,https://m.media-amazon.com/images/I/81Mz%2BmHMdbL.jpg
74,Samsung Galaxy A71 128 Galaxy A71 128,27499,Silver,128,8,57,https://m.media-amazon.com/images/I/51UN8CoAZwL.jpg
75,Samsung Galaxy Z Flip3 5G 256 Galaxy Z Flip3 5G 256,88999,Black,256,8,89,https://m.media-amazon.com/images/I/51DhX1XpliL.jpg
76,Samsung Galaxy Note 20 256 Galaxy Note 20 256,77999,Green,256,8,81,https://m.media-amazon.com/images/I/71hB8cEDLYL.jpg
77,Samsung Galaxy A21s 64 Galaxy A21s 64,14999,White,64,4,48,https://m.media-amazon.com/images/I/618DO53uuGL.jpg
78,Samsung Galaxy Z Fold3 5G 256 Galaxy Z Fold3 5G 256,149999,Black,256,12,90,https://m.media-amazon.com/images/I/71MFE2UY6-L.jpg
79,Samsung Galaxy M01 32 Galaxy M01 32,9299,Blue,32,3,73,https://www.notebookcheck.net/uploads/tx_nbc2/SamsungGalaxyM01__1_.JPG
80,Samsung Galaxy F02s 32 Galaxy F02s 32,9499,Black,32,3,60,https://images.samsung.com/is/image/samsung/p6pim/in/sm-e025fakeins/gallery/in-galaxy-f02s-3gb-ram-sm-e025fakeins-420175964?$624_624_PNG$
81,Samsung Galaxy Note 20 256 Galaxy Note 20 256,77999,Bronze,256,8,81,https://m.media-amazon.com/images/I/71hB8cEDLYL.jpg
82,Samsung Galaxy M02 32 Galaxy M02 32,8850,Gray,32,3,74,https://i.ebayimg.com/images/g/m4IAAOSwG8tgJQLs/s-l400.jpg
83,Samsung Galaxy A21s 64 Galaxy A21s 64,14999,Black,64,4,48,https://m.media-amazon.com/images/I/618DO53uuGL.jpg
84,Samsung Galaxy Z Fold3 5G 512 Galaxy Z Fold3 5G 512,157999,Black,512,12,91,https://m.media-amazon.com/images/I/71MFE2UY6-L.jpg
85,Samsung Galaxy Z Fold3 5G 256 Galaxy Z Fold3 5G 256,149999,Green,256,12,90,https://m.media-amazon.com/images/I/71MFE2UY6-L.jpg
86,Samsung Galaxy F02s 32 Galaxy F02s 32,9499,White,32,3,60,https://images.samsung.com/is/image/samsung/p6pim/in/sm-e025fakeins/gallery/in-galaxy-f02s-3gb-ram-sm-e025fakeins-420175964?$624_624_PNG$
87,Samsung Galaxy A03s 64 Galaxy A03s 64,12499,White,64,4,40,https://image-us.samsung.com/SamsungUS/home/mobile/phones/pdp/galazy-a/galaxy-a03s/gallery/black/Galaxy-A03s-black-1.jpg?$product-details-jpg$
88,Samsung Galaxy A52s 5G 128 Galaxy A52s 5G 128,35999,Black,128,6,55,https://m.media-amazon.com/images/I/61tW%2BIqxmeL.jpg
89,Samsung Galaxy A21s 64 Galaxy A21s 64,15199,Black,64,6,48,https://m.media-amazon.com/images/I/618DO53uuGL.jpg
90,Samsung Galaxy A50s 128 Galaxy A50s 128,14999,Black,128,4,52,https://images-na.ssl-images-amazon.com/images/I/71CCcJE1p8L._AC_UL495_SR435%2C495_.jpg
91,Samsung Galaxy A52 128 Galaxy A52 128,28999,Black,128,8,54,https://m.media-amazon.com/images/I/61pj9th6ZOL._AC_UF350%2C350_QL50_.jpg
92,Samsung Galaxy A03s 32 Galaxy A03s 32,11499,Blue,32,3,39,https://image-us.samsung.com/SamsungUS/home/mobile/phones/pdp/galazy-a/galaxy-a03s/gallery/black/Galaxy-A03s-black-1.jpg?$product-details-jpg$
93,Samsung Galaxy A03s 64 Galaxy A03s 64,12400,Blue,64,4,40,https://image-us.samsung.com/SamsungUS/home/mobile/phones/pdp/galazy-a/galaxy-a03s/gallery/black/Galaxy-A03s-black-1.jpg?$product-details-jpg$
94,Samsung Galaxy Note 20 Ultra 5G 256 Galaxy Note 20 Ultra 5G 256,91999,Bronze,256,12,82,https://m.media-amazon.com/images/I/81PFi-YatXL.jpg
95,Samsung Galaxy A03s 32 Galaxy A03s 32,11499,White,32,3,39,https://image-us.samsung.com/SamsungUS/home/mobile/phones/pdp/galazy-a/galaxy-a03s/gallery/black/Galaxy-A03s-black-1.jpg?$product-details-jpg$
96,Samsung Galaxy Note 20 256 Galaxy Note 20 256,54599,Blue,256,8,81,https://m.media-amazon.com/images/I/71hB8cEDLYL.jpg
97,Samsung Galaxy A52s 5G 128 Galaxy A52s 5G 128,35999,White,128,6,55,https://m.media-amazon.com/images/I/61tW%2BIqxmeL.jpg
98,Samsung Galaxy S20 FE 128 Galaxy S20 FE 128,49999,White,128,8,85,https://m.media-amazon.com/images/I/51yxI5nkPWL.jpg
99,Samsung Galaxy M02 32 Galaxy M02 32,8083,Red,32,3,74,https://i.ebayimg.com/images/g/m4IAAOSwG8tgJQLs/s-l400.jpg
100,Samsung Galaxy A12 128 Galaxy A12 128,16499,Blue,128,6,42,https://m.media-amazon.com/images/I/91MYZ050dYS.jpg
101,Samsung Galaxy Grand 2 8 Galaxy Grand 2 8,15999,Gold,8,1,70,https://images.samsung.com/is/image/samsung/hk-en_SM-G7105ZKATGY_001_white_white_10039596054419_10039596059237?$624_624_PNG$
102,Samsung Galaxy S20 FE 128 Galaxy S20 FE 128,49999,Others,128,8,85,https://m.media-amazon.com/images/I/51yxI5nkPWL.jpg
103,Samsung Galaxy Fold 2 256 Galaxy Fold 2 256,149999,Bronze,256,12,69,https://m.media-amazon.com/images/I/71xwqH%2Bm-KS.jpg
104,Samsung Galaxy A50s 128 Galaxy A50s 128,14999,Others,128,4,52,https://images-na.ssl-images-amazon.com/images/I/71CCcJE1p8L._AC_UL495_SR435%2C495_.jpg
105,Samsung Galaxy Note 20 Ultra 5G 256 Galaxy Note 20 Ultra 5G 256,91999,Black,256,12,82,https://m.media-amazon.com/images/I/81PFi-YatXL.jpg
106,Samsung Galaxy A7 64 Galaxy A7 64,17990,Blue,64,4,56,https://i.ebayimg.com/images/g/spUAAOSwuChk7Eeh/s-l1200.jpg
107,Samsung Galaxy J6 64 Galaxy J6 64,9490,Blue,64,4,71,https://i.ebayimg.com/images/g/rRwAAOSw0jhf-cjJ/s-l1200.jpg
108,Samsung Galaxy J7 - 6 16 Galaxy J7 - 6 16,15299,Others,16,2,72,https://i.ebayimg.com/images/g/JDoAAOSwFYxiuJ-c/s-l1200.jpg
109,Samsung Galaxy A10 32 Galaxy A10 32,7990,Blue,32,2,41,https://m.media-amazon.com/images/I/81Y-K6WxhoS.jpg
110,Samsung Galaxy Grand 2 8 Galaxy Grand 2 8,15999,Black,8,1,70,https://images.samsung.com/is/image/samsung/hk-en_SM-G7105ZKATGY_001_white_white_10039596054419_10039596059237?$624_624_PNG$
111,Samsung Galaxy J7 - 6 16 Galaxy J7 - 6 16,13800,Others,16,2,72,https://i.ebayimg.com/images/g/JDoAAOSwFYxiuJ-c/s-l1200.jpg
112,Samsung Galaxy A20 32 Galaxy A20 32,11490,Black,32,3,44,https://m.media-amazon.com/images/I/71ZT0FGGdxL._AC_UF894%2C1000_QL80_.jpg
113,Samsung Galaxy A22 5G 128 Galaxy A22 5G 128,21999,Others,128,8,50,https://images.samsung.com/is/image/samsung/p6pim/levant/feature/150669991/levant-feature-galaxy-a22-5g-a226-496143521?$FB_TYPE_A_MO_JPG$
114,Samsung Galaxy F02s 32 Galaxy F02s 32,9499,Blue,32,3,60,https://images.samsung.com/is/image/samsung/p6pim/in/sm-e025fakeins/gallery/in-galaxy-f02s-3gb-ram-sm-e025fakeins-420175964?$624_624_PNG$
115,Samsung Galaxy F62 128 Galaxy F62 128,25999,Blue,128,8,68,https://www.notebookcheck.net/uploads/tx_nbc2/SamsungGalaxyF62.jpg
116,Samsung Galaxy F41 128 Galaxy F41 128,14499,Green,128,6,66,https://www.corning.com/microsites/csm/gorillaglass/Samsung/CGG_samsung-galaxy-f41.jpg
117,Samsung Galaxy F41 128 Galaxy F41 128,14499,Black,128,6,66,https://www.corning.com/microsites/csm/gorillaglass/Samsung/CGG_samsung-galaxy-f41.jpg
118,Samsung Galaxy F41 128 Galaxy F41 128,14499,Blue,128,6,66,https://www.corning.com/microsites/csm/gorillaglass/Samsung/CGG_samsung-galaxy-f41.jpg
119,Samsung M02s 64 M02s 64,9999,Red,64,4,93,https://i.ebayimg.com/images/g/wfwAAOSweUtgBnAL/s-l1200.jpg
120,Samsung Galaxy F41 64 Galaxy F41 64,15999,Black,64,6,67,https://www.corning.com/microsites/csm/gorillaglass/Samsung/CGG_samsung-galaxy-f41.jpg
121,Samsung Galaxy F41 64 Galaxy F41 64,15999,Blue,64,6,67,https://www.corning.com/microsites/csm/gorillaglass/Samsung/CGG_samsung-galaxy-f41.jpg
122,Samsung Galaxy M32 128 Galaxy M32 128,16980,Black,128,6,78,https://i5.walmartimages.com/seo/SAMSUNG-Galaxy-M32-128GB-6GB-6-4-GSM-Unlocked-US-Global-4G-VoLTE-M325FV-DS_ae57a476-2116-4344-92cc-bcc396b69619.7ff5456aa3fc7293a47504dd4852b0dd.jpeg?odnHeight=768&odnWidth=768&odnBg=FFFFFF
123,Samsung Galaxy A72 128 Galaxy A72 128,34999,Blue,128,8,58,https://m.media-amazon.com/images/I/51%2Bl9agvu3S._AC_UF894%2C1000_QL80_.jpg
124,Samsung Galaxy A52 128 Galaxy A52 128,28999,Blue,128,8,54,https://m.media-amazon.com/images/I/61pj9th6ZOL._AC_UF350%2C350_QL50_.jpg
125,Samsung Galaxy A80 128 Galaxy A80 128,28490,Gold,128,8,59,https://img.global.news.samsung.com/global/wp-content/uploads/2019/04/11_GalaxyA80_allcolors_combo1_main.jpg
126,Samsung Galaxy F62 128 Galaxy F62 128,25999,Gray,128,8,68,https://www.notebookcheck.net/uploads/tx_nbc2/SamsungGalaxyF62.jpg
127,Samsung Galaxy S21 Plus 128 Galaxy S21 Plus 128,71999,Black,128,8,87,https://m.media-amazon.com/images/I/41t7gEMl9gS._AC_UF894%2C1000_QL80_.jpg
128,Samsung Galaxy M42 128 Galaxy M42 128,24499,Gray,128,8,80,https://news.samsung.com/in/wp-content/themes/btr_newsroom/download.php?id=5EHEZ6wIvt8Ad2QB4%2BI4PXcIe2h9FIPFzKNa3EsW0Ao%3D
129,Samsung Galaxy A51 128 Galaxy A51 128,20999,Black,128,6,53,https://m.media-amazon.com/images/I/81Mz%2BmHMdbL.jpg
130,Samsung Galaxy M30s 64 Galaxy M30s 64,14090,Blue,64,4,76,https://static.wikia.nocookie.net/samsung-galaxy/images/6/64/Samsung-galaxy-m30s-1.jpg/revision/latest?cb=20240529095506
131,Samsung Galaxy A20s 32 Galaxy A20s 32,11599,Blue,32,3,45,https://m.media-amazon.com/images/I/61ccAxqJ1sL._AC_UF894%2C1000_QL80_.jpg
132,Samsung Galaxy Note10 Lite 128 Galaxy Note10 Lite 128,39999,Others,128,8,83,https://i5.walmartimages.com/seo/Samsung-Galaxy-Note-10-Lite-Dual-SIM-128GB-ROM-6GB-RAM-GSM-Only-No-CDMA-Factory-Unlocked-4G-LTE-Smartphone-Aura-Red-International-Version_7e5ca53a-d52a-4f94-ae40-98d5333e205b.ee38aea0b6d8f4a166e609a4feb64d46.jpeg
133,Samsung Galaxy M01 32 Galaxy M01 32,8999,Red,32,3,73,https://www.notebookcheck.net/uploads/tx_nbc2/SamsungGalaxyM01__1_.JPG
134,Samsung Galaxy F62 128 Galaxy F62 128,25999,Green,128,8,68,https://www.notebookcheck.net/uploads/tx_nbc2/SamsungGalaxyF62.jpg
135,Samsung Galaxy S20 FE 128 Galaxy S20 FE 128,49999,Red,128,8,85,https://m.media-amazon.com/images/I/51yxI5nkPWL.jpg
136,Samsung Galaxy A71 128 Galaxy A71 128,27499,Blue,128,8,57,https://m.media-amazon.com/images/I/51UN8CoAZwL.jpg
137,Samsung Galaxy A20s 32 Galaxy A20s 32,11599,Green,32,3,45,https://m.media-amazon.com/images/I/61ccAxqJ1sL._AC_UF894%2C1000_QL80_.jpg
138,Samsung Galaxy S21 256 Galaxy S21 256,73999,Gray,256,8,86,https://m.media-amazon.com/images/I/61XyNdmvr6L._AC_UF894%2C1000_QL80_.jpg
139,Samsung Galaxy A51 128 Galaxy A51 128,20999,Blue,128,6,53,https://m.media-amazon.com/images/I/81Mz%2BmHMdbL.jpg
140,Samsung Galaxy A20s 32 Galaxy A20s 32,11599,Black,32,3,45,https://m.media-amazon.com/images/I/61ccAxqJ1sL._AC_UF894%2C1000_QL80_.jpg
141,Samsung Galaxy A20s 64 Galaxy A20s 64,13695,Green,64,4,46,https://m.media-amazon.com/images/I/61ccAxqJ1sL._AC_UF894%2C1000_QL80_.jpg
142,Samsung Galaxy S10 128 Galaxy S10 128,39999,Black,128,8,84,https://m.media-amazon.com/images/I/61wTWYG08AL.jpg
143,Samsung Galaxy A20s 64 Galaxy A20s 64,13695,Blue,64,4,46,https://m.media-amazon.com/images/I/61ccAxqJ1sL._AC_UF894%2C1000_QL80_.jpg
145,Xiaomi Mi 11X 128 Mi 11X 128,24398,White,128,6,108,https://m.media-amazon.com/images/I/71VQXjN6R7S._SL1500_.jpg
147,Xiaomi Mi A3 64 Mi A3 64,12990,Blue,64,4,111,https://m.media-amazon.com/images/I/412Pq2Ar8GL.jpg
149,Xiaomi Mi 11 Lite 128 Mi 11 Lite 128,23999,Black,128,8,107,https://i.ebayimg.com/images/g/wJwAAOSwQ~ZgmCi9/s-l1200.jpg
150,Xiaomi Mi 11 Lite 128 Mi 11 Lite 128,23999,Blue,128,8,107,https://i.ebayimg.com/images/g/wJwAAOSwQ~ZgmCi9/s-l1200.jpg
151,Xiaomi Mi 11X 128 Mi 11X 128,24780,Silver,128,6,108,https://m.media-amazon.com/images/I/71VQXjN6R7S._SL1500_.jpg
152,Xiaomi Mi 11 Lite 128 Mi 11 Lite 128,23999,Others,128,8,107,https://i.ebayimg.com/images/g/wJwAAOSwQ~ZgmCi9/s-l1200.jpg
153,Xiaomi Mi 11 Lite 128 Mi 11 Lite 128,21999,Black,128,6,107,https://i.ebayimg.com/images/g/wJwAAOSwQ~ZgmCi9/s-l1200.jpg
154,Xiaomi Mi 11 Lite 128 Mi 11 Lite 128,21999,Blue,128,6,107,https://i.ebayimg.com/images/g/wJwAAOSwQ~ZgmCi9/s-l1200.jpg
155,Xiaomi Mi A3 64 Mi A3 64,12990,White,64,4,111,https://m.media-amazon.com/images/I/412Pq2Ar8GL.jpg
158,Xiaomi Mi A3 64 Mi A3 64,12990,Gray,64,4,111,https://m.media-amazon.com/images/I/412Pq2Ar8GL.jpg
159,Xiaomi Mi 11 Lite 128 Mi 11 Lite 128,21999,Others,128,6,107,https://i.ebayimg.com/images/g/wJwAAOSwQ~ZgmCi9/s-l1200.jpg
