id_produit,nom_produit,prix,couleur,capacite,ram,image,modele,boutique_id
56,Poco C3 64 C3 64,8999,Black,64,4,https://i.ebayimg.com/00/s/MTUwMFg3MDY%3D/z/jZ0AAOSwmENf~tiZ/%24_57.JPG?set_id=8800005007,30,57
57,Poco M3 64 M3 64,10999,Blue,64,4,https://m.media-amazon.com/images/I/61MYP5oYCxS._AC_UF894%2C1000_QL80_.jpg,100,58
58,Poco M2 Reloaded 64 M2 Reloaded 64,9999,Blue,64,4,https://i.ebayimg.com/images/g/EGUAAOSwYV1lhxl8/s-l1200.jpg,98,59
59,Poco C3 32 C3 32,7999,Blue,32,3,https://i.ebayimg.com/00/s/MTUwMFg3MDY%3D/z/jZ0AAOSwmENf~tiZ/%24_57.JPG?set_id=8800005007,29,60
60,Poco M3 64 M3 64,11999,Black,64,6,https://m.media-amazon.com/images/I/61MYP5oYCxS._AC_UF894%2C1000_QL80_.jpg,100,61
61,Poco C3 32 C3 32,7999,Black,32,3,https://i.ebayimg.com/00/s/MTUwMFg3MDY%3D/z/jZ0AAOSwmENf~tiZ/%24_57.JPG?set_id=8800005007,29,62
62,Poco M3 64 M3 64,11999,Blue,64,6,https://m.media-amazon.com/images/I/61MYP5oYCxS._AC_UF894%2C1000_QL80_.jpg,100,63
63,Poco M2 Reloaded 64 M2 Reloaded 64,9999,Black,64,4,https://i.ebayimg.com/images/g/EGUAAOSwYV1lhxl8/s-l1200.jpg,98,64
64,Poco M3 64 M3 64,11999,Yellow,64,6,https://m.media-amazon.com/images/I/61MYP5oYCxS._AC_UF894%2C1000_QL80_.jpg,100,65
65,Poco M3 64 M3 64,10999,Yellow,64,4,https://m.media-amazon.com/images/I/61MYP5oYCxS._AC_UF894%2C1000_QL80_.jpg,100,66
66,Poco M3 64 M3 64,10999,Black,64,4,https://m.media-amazon.com/images/I/61MYP5oYCxS._AC_UF894%2C1000_QL80_.jpg,100,67
67,Poco M3 128 M3 128,12999,Black,128,6,https://m.media-amazon.com/images/I/61MYP5oYCxS._AC_UF894%2C1000_QL80_.jpg,99,68
68,Poco C3 64 C3 64,8999,Blue,64,4,https://i.ebayimg.com/00/s/MTUwMFg3MDY%3D/z/jZ0AAOSwmENf~tiZ/%24_57.JPG?set_id=8800005007,30,69
69,Poco C3 32 C3 32,7999,Green,32,3,https://i.ebayimg.com/00/s/MTUwMFg3MDY%3D/z/jZ0AAOSwmENf~tiZ/%24_57.JPG?set_id=8800005007,29,70
70,Poco C3 64 C3 64,8999,Green,64,4,https://i.ebayimg.com/00/s/MTUwMFg3MDY%3D/z/jZ0AAOSwmENf~tiZ/%24_57.JPG?set_id=8800005007,30,71
72,Poco M3 Pro 5G 128 M3 Pro 5G 128,16499,Yellow,128,6,https://i.ebayimg.com/images/g/M34AAOSwuR5hCQHo/s-l1200.jpg,101,73
76,Poco M3 Pro 5G 64 M3 Pro 5G 64,14499,Blue,64,4,https://i.ebayimg.com/images/g/M34AAOSwuR5hCQHo/s-l1200.jpg,102,77
77,Poco M3 Pro 5G 128 M3 Pro 5G 128,16499,Blue,128,6,https://i.ebayimg.com/images/g/M34AAOSwuR5hCQHo/s-l1200.jpg,101,78
78,Poco M2 Pro 128 M2 Pro 128,15999,Others,128,6,https://i.ebayimg.com/images/g/RlAAAOSwg0NjFuEw/s-l1200.jpg,96,79
80,Poco M3 Pro 5G 128 M3 Pro 5G 128,16499,Black,128,6,https://i.ebayimg.com/images/g/M34AAOSwuR5hCQHo/s-l1200.jpg,101,81
81,Poco M2 Pro 128 M2 Pro 128,15999,Black,128,6,https://i.ebayimg.com/images/g/RlAAAOSwg0NjFuEw/s-l1200.jpg,96,82
82,Poco M2 Pro 128 M2 Pro 128,15999,Blue,128,6,https://i.ebayimg.com/images/g/RlAAAOSwg0NjFuEw/s-l1200.jpg,96,83
84,Poco M3 128 M3 128,12999,Blue,128,6,https://m.media-amazon.com/images/I/61MYP5oYCxS._AC_UF894%2C1000_QL80_.jpg,99,85
85,Poco M3 Pro 5G 64 M3 Pro 5G 64,14499,Yellow,64,4,https://i.ebayimg.com/images/g/M34AAOSwuR5hCQHo/s-l1200.jpg,102,86
86,Poco F3 GT 128 F3 GT 128,28999,Black,128,8,https://i.ebayimg.com/images/g/0eQAAOSwo8hhPPUZ/s-l1200.jpg,33,87
87,Poco M2 Pro 64 M2 Pro 64,14999,Blue,64,6,https://i.ebayimg.com/images/g/RlAAAOSwg0NjFuEw/s-l1200.jpg,97,88
88,Poco M2 Pro 64 M2 Pro 64,13999,Blue,64,4,https://i.ebayimg.com/images/g/RlAAAOSwg0NjFuEw/s-l1200.jpg,97,89
89,Poco M2 Pro 64 M2 Pro 64,13999,Others,64,4,https://i.ebayimg.com/images/g/RlAAAOSwg0NjFuEw/s-l1200.jpg,97,90
90,Poco M2 Pro 64 M2 Pro 64,13999,Black,64,4,https://i.ebayimg.com/images/g/RlAAAOSwg0NjFuEw/s-l1200.jpg,97,91
92,Poco F3 GT 256 F3 GT 256,30999,Silver,256,8,https://i.ebayimg.com/images/g/0eQAAOSwo8hhPPUZ/s-l1200.jpg,34,93
93,Poco F3 GT 256 F3 GT 256,30999,Black,256,8,https://i.ebayimg.com/images/g/0eQAAOSwo8hhPPUZ/s-l1200.jpg,34,94
94,Poco F3 GT 128 F3 GT 128,28999,Silver,128,8,https://i.ebayimg.com/images/g/0eQAAOSwo8hhPPUZ/s-l1200.jpg,33,95
95,Poco F3 GT 128 F3 GT 128,26999,Black,128,6,https://i.ebayimg.com/images/g/0eQAAOSwo8hhPPUZ/s-l1200.jpg,33,96
96,Poco F3 GT 128 F3 GT 128,26999,Silver,128,6,https://i.ebayimg.com/images/g/0eQAAOSwo8hhPPUZ/s-l1200.jpg,33,97
97,Poco F1 256 F1 256,21999,Blue,256,8,https://helios-i.mashable.com/imagery/reviews/000qopQd4I9Ta29Jv6Zqezz/hero-image.fill.size_1248x702.v1623373509.jpg,32,98
98,Poco F1 128 F1 128,18999,Black,128,6,https://helios-i.mashable.com/imagery/reviews/000qopQd4I9Ta29Jv6Zqezz/hero-image.fill.size_1248x702.v1623373509.jpg,31,99
99,Poco M3 128 M3 128,12999,Yellow,128,6,https://m.media-amazon.com/images/I/61MYP5oYCxS._AC_UF894%2C1000_QL80_.jpg,99,100
100,Poco M2 Pro 64 M2 Pro 64,14999,Black,64,6,https://i.ebayimg.com/images/g/RlAAAOSwg0NjFuEw/s-l1200.jpg,97,101
101,Poco M2 Pro 64 M2 Pro 64,14999,Others,64,6,https://i.ebayimg.com/images/g/RlAAAOSwg0NjFuEw/s-l1200.jpg,97,102
102,Poco M2 128 M2 128,11499,Red,128,6,https://i.ebayimg.com/images/g/EGUAAOSwYV1lhxl8/s-l1200.jpg,94,103
107,Poco M2 128 M2 128,11499,Black,128,6,https://i.ebayimg.com/images/g/EGUAAOSwYV1lhxl8/s-l1200.jpg,94,108
108,Poco M2 128 M2 128,11499,Blue,128,6,https://i.ebayimg.com/images/g/EGUAAOSwYV1lhxl8/s-l1200.jpg,94,109
111,Poco M2 64 M2 64,10499,Red,64,6,https://i.ebayimg.com/images/g/EGUAAOSwYV1lhxl8/s-l1200.jpg,95,112
112,Realme C20 32 C20 32,7499,Blue,32,2,https://i.ebayimg.com/images/g/NToAAOSwnCtgcEDA/s-l1200.jpg,23,113
113,Realme C20 32 C20 32,7499,Gray,32,2,https://i.ebayimg.com/images/g/NToAAOSwnCtgcEDA/s-l1200.jpg,23,114
114,Realme C11 2021 32 C11 2021 32,7299,Gray,32,2,https://m.media-amazon.com/images/I/51JfMJzwCqL.jpg,16,115
115,Realme C11 2021 32 C11 2021 32,7299,Blue,32,2,https://m.media-amazon.com/images/I/51JfMJzwCqL.jpg,16,116
116,Realme C21Y 64 C21Y 64,9999,Black,64,4,https://m.media-amazon.com/images/I/61BklRUXVnL.jpg,26,117
117,Realme C21Y 64 C21Y 64,9999,Blue,64,4,https://m.media-amazon.com/images/I/61BklRUXVnL.jpg,26,118
122,Realme C21 64 C21 64,9999,Blue,64,4,https://m.media-amazon.com/images/I/61B9PEA8LzS.jpg,25,123
123,Realme C21 32 C21 32,8999,Blue,32,3,https://m.media-amazon.com/images/I/61B9PEA8LzS.jpg,24,124
124,Realme C21 64 C21 64,9999,Black,64,4,https://m.media-amazon.com/images/I/61B9PEA8LzS.jpg,25,125
125,Realme C21 32 C21 32,8999,Black,32,3,https://m.media-amazon.com/images/I/61B9PEA8LzS.jpg,24,126
127,Realme C11 2021 64 C11 2021 64,8799,Blue,64,4,https://m.media-amazon.com/images/I/51JfMJzwCqL.jpg,17,128
131,Realme C11 2021 64 C11 2021 64,8799,Gray,64,4,https://m.media-amazon.com/images/I/51JfMJzwCqL.jpg,17,132
132,Realme 8s 5G 128 8s 5G 128,17999,Purple,128,6,https://m.media-amazon.com/images/I/61H4KiGTsFL._AC_UF894%2C1000_QL80_.jpg,14,133
133,Realme 8s 5G 128 8s 5G 128,17999,Blue,128,6,https://m.media-amazon.com/images/I/61H4KiGTsFL._AC_UF894%2C1000_QL80_.jpg,14,134
137,Realme 8 5G 128 8 5G 128,16499,Black,128,4,https://m.media-amazon.com/images/I/61H4KiGTsFL._AC_UF894%2C1000_QL80_.jpg,11,138
138,Realme 8 5G 64 8 5G 64,15499,Blue,64,4,https://m.media-amazon.com/images/I/61H4KiGTsFL._AC_UF894%2C1000_QL80_.jpg,12,139
139,Realme 8 5G 64 8 5G 64,15499,Black,64,4,https://m.media-amazon.com/images/I/61H4KiGTsFL._AC_UF894%2C1000_QL80_.jpg,12,140
140,Realme 8 Pro 128 8 Pro 128,20149,Black,128,8,https://m.media-amazon.com/images/I/51uASLmPn%2BS._AC_UF894%2C1000_QL80_.jpg,13,141
141,Realme C15 32 C15 32,9999,Blue,32,3,https://i.ebayimg.com/images/g/YhcAAOSwcQ1ggokz/s-l1200.png,19,142
142,Realme 8 5G 128 8 5G 128,18499,Blue,128,8,https://m.media-amazon.com/images/I/61H4KiGTsFL._AC_UF894%2C1000_QL80_.jpg,11,143
143,Realme 8 5G 128 8 5G 128,18499,Black,128,8,https://m.media-amazon.com/images/I/61H4KiGTsFL._AC_UF894%2C1000_QL80_.jpg,11,144
144,Realme 8 5G 128 8 5G 128,16499,Blue,128,4,https://m.media-amazon.com/images/I/61H4KiGTsFL._AC_UF894%2C1000_QL80_.jpg,11,145
145,Realme 8 Pro 128 8 Pro 128,18149,Black,128,6,https://m.media-amazon.com/images/I/51uASLmPn%2BS._AC_UF894%2C1000_QL80_.jpg,13,146
146,Realme 8 Pro 128 8 Pro 128,20149,Blue,128,8,https://m.media-amazon.com/images/I/51uASLmPn%2BS._AC_UF894%2C1000_QL80_.jpg,13,147
147,Realme 8 128 8 128,17999,Silver,128,8,https://m.media-amazon.com/images/I/61H4KiGTsFL._AC_UF894%2C1000_QL80_.jpg,10,148
148,Realme 8 128 8 128,15999,Black,128,4,https://m.media-amazon.com/images/I/61H4KiGTsFL._AC_UF894%2C1000_QL80_.jpg,10,149
149,Realme 8 128 8 128,16999,Black,128,6,https://m.media-amazon.com/images/I/61H4KiGTsFL._AC_UF894%2C1000_QL80_.jpg,10,150
150,Realme 8 128 8 128,17999,Black,128,8,https://m.media-amazon.com/images/I/61H4KiGTsFL._AC_UF894%2C1000_QL80_.jpg,10,151
151,Realme 8 128 8 128,16999,Silver,128,6,https://m.media-amazon.com/images/I/61H4KiGTsFL._AC_UF894%2C1000_QL80_.jpg,10,152
152,Realme GT Master Edition 256 GT Master Edition 256,29999,White,256,8,https://m.media-amazon.com/images/I/71blWA0PBPL.jpg,38,153
154,Realme 7 64 7 64,14999,Blue,64,6,https://m.media-amazon.com/images/I/814J5iTgy5L.jpg,8,155
157,Realme C12 32 C12 32,8999,Silver,32,3,https://i.ebayimg.com/images/g/v6EAAOSwgkxk8FPb/s-l1200.jpg,18,158
158,Realme C11 32 C11 32,7499,Gray,32,2,https://m.media-amazon.com/images/I/51Yw3Znz9oL.jpg,15,159
159,Realme C11 32 C11 32,7499,Green,32,2,https://m.media-amazon.com/images/I/51Yw3Znz9oL.jpg,15,160
161,Realme GT Master Edition 128 GT Master Edition 128,27999,Black,128,8,https://m.media-amazon.com/images/I/71blWA0PBPL.jpg,37,162
162,Realme GT Master Edition 128 GT Master Edition 128,27999,Gray,128,8,https://m.media-amazon.com/images/I/71blWA0PBPL.jpg,37,163
163,Realme GT Master Edition 128 GT Master Edition 128,25999,Black,128,6,https://m.media-amazon.com/images/I/71blWA0PBPL.jpg,37,164
166,Realme GT Master Edition 128 GT Master Edition 128,25999,Gray,128,6,https://m.media-amazon.com/images/I/71blWA0PBPL.jpg,37,167
167,Realme GT Master Edition 128 GT Master Edition 128,27999,White,128,8,https://m.media-amazon.com/images/I/71blWA0PBPL.jpg,37,168
168,Realme GT Master Edition 256 GT Master Edition 256,29999,Gray,256,8,https://m.media-amazon.com/images/I/71blWA0PBPL.jpg,38,169
169,Realme GT Master Edition 256 GT Master Edition 256,29999,Black,256,8,https://m.media-amazon.com/images/I/71blWA0PBPL.jpg,38,170
170,Realme GT Master Edition 128 GT Master Edition 128,25999,White,128,6,https://m.media-amazon.com/images/I/71blWA0PBPL.jpg,37,171
177,Realme GT 5G 128 GT 5G 128,37999,Silver,128,8,https://i.ebayimg.com/images/g/ZVMAAOSwXbBm61cI/s-l1200.jpg,35,178
178,Realme 7 128 7 128,17999,White,128,8,https://m.media-amazon.com/images/I/814J5iTgy5L.jpg,7,179
179,Realme 5 Pro 128 5 Pro 128,16999,Blue,128,8,https://m.media-amazon.com/images/I/51ZllmIfMSL._AC_UF894%2C1000_QL80_.jpg,2,180
180,Realme 5 Pro 64 5 Pro 64,14999,Blue,64,6,https://m.media-amazon.com/images/I/51ZllmIfMSL._AC_UF894%2C1000_QL80_.jpg,3,181
183,Realme Narzo 20 Pro 64 Narzo 20 Pro 64,14999,Others,64,6,https://i.ebayimg.com/images/g/sFAAAOSw8H1lxyt0/s-l1200.jpg,118,184
184,Realme 7 Pro 128 7 Pro 128,21999,Silver,128,8,https://www.zdnet.com/a/img/resize/f3e004d03cd4d76b87381ce6a48f6c8bb1570b08/2020/11/05/d4dec8cf-b748-482d-b906-0cefcb9debdf/realme-7-pro-header.jpg?auto=webp&fit=crop&height=675&width=1200,9,185
185,Realme 7 Pro 128 7 Pro 128,21999,Others,128,8,https://www.zdnet.com/a/img/resize/f3e004d03cd4d76b87381ce6a48f6c8bb1570b08/2020/11/05/d4dec8cf-b748-482d-b906-0cefcb9debdf/realme-7-pro-header.jpg?auto=webp&fit=crop&height=675&width=1200,9,186
186,Realme 3i 64 3i 64,10499,Red,64,4,https://www.notebookcheck.net/uploads/tx_nbc2/OppoRealme3i__1_.JPG,1,187
187,Realme 3i 64 3i 64,10499,Blue,64,4,https://www.notebookcheck.net/uploads/tx_nbc2/OppoRealme3i__1_.JPG,1,188
190,Realme GT 5G 128 GT 5G 128,37999,Blue,128,8,https://i.ebayimg.com/images/g/ZVMAAOSwXbBm61cI/s-l1200.jpg,35,191
191,Realme 5 Pro 64 5 Pro 64,13999,Green,64,4,https://m.media-amazon.com/images/I/51ZllmIfMSL._AC_UF894%2C1000_QL80_.jpg,3,192
193,Realme C2 16 C2 16,6499,Blue,16,2,https://www.giztop.com/media/catalog/product/cache/97cc1143d2e20f2b0c8ea91aaa12053c/r/e/realme_c2.jpg,21,194
194,Realme GT 5G 256 GT 5G 256,41999,Yellow,256,12,https://i.ebayimg.com/images/g/ZVMAAOSwXbBm61cI/s-l1200.jpg,36,195
197,Realme 6 64 6 64,14999,Blue,64,6,https://m.media-amazon.com/images/I/51R3ROcs1CS.jpg,5,198
198,Realme C2 32 C2 32,6999,Black,32,2,https://www.giztop.com/media/catalog/product/cache/97cc1143d2e20f2b0c8ea91aaa12053c/r/e/realme_c2.jpg,22,199
199,Realme C2 32 C2 32,7499,Black,32,3,https://www.giztop.com/media/catalog/product/cache/97cc1143d2e20f2b0c8ea91aaa12053c/r/e/realme_c2.jpg,22,200
203,Realme 6 128 6 128,16999,Blue,128,8,https://m.media-amazon.com/images/I/51R3ROcs1CS.jpg,4,204
204,Realme 6i 64 6i 64,12999,White,64,4,https://i5.walmartimages.com/seo/Realme-6i-64GB-3GB-6-5-Dual-SIM-GSM-Unlocked-Global-4G-LTE-RMX2040_8c4211ba-6ebe-4200-9c4d-6d2f9188c4ea.3579b66cadf3ce3f1ea64499d0e1cedc.jpeg,6,205
205,Realme 6 64 6 64,14999,White,64,6,https://m.media-amazon.com/images/I/51R3ROcs1CS.jpg,5,206
209,Realme C15 64 C15 64,10999,Blue,64,4,https://i.ebayimg.com/images/g/YhcAAOSwcQ1ggokz/s-l1200.png,20,210
210,Realme C15 64 C15 64,10999,Silver,64,4,https://i.ebayimg.com/images/g/YhcAAOSwcQ1ggokz/s-l1200.png,20,211
211,Realme 8 Pro 128 8 Pro 128,18149,Blue,128,6,https://m.media-amazon.com/images/I/51uASLmPn%2BS._AC_UF894%2C1000_QL80_.jpg,13,212
212,Realme C25 64 C25 64,9999,Gray,64,4,https://www.notebookcheck.net/uploads/tx_nbc2/RealmeC25__1_.png,28,213
213,Realme 8 128 8 128,15999,Silver,128,4,https://m.media-amazon.com/images/I/61H4KiGTsFL._AC_UF894%2C1000_QL80_.jpg,10,214
214,Realme C25 64 C25 64,9999,Blue,64,4,https://www.notebookcheck.net/uploads/tx_nbc2/RealmeC25__1_.png,28,215
215,Realme C15 32 C15 32,9999,Silver,32,3,https://i.ebayimg.com/images/g/YhcAAOSwcQ1ggokz/s-l1200.png,19,216
216,Realme 8 Pro 128 8 Pro 128,20149,Yellow,128,8,https://m.media-amazon.com/images/I/51uASLmPn%2BS._AC_UF894%2C1000_QL80_.jpg,13,217
217,Realme 8 Pro 128 8 Pro 128,18149,Yellow,128,6,https://m.media-amazon.com/images/I/51uASLmPn%2BS._AC_UF894%2C1000_QL80_.jpg,13,218
218,Realme C25 128 C25 128,10999,Gray,128,4,https://www.notebookcheck.net/uploads/tx_nbc2/RealmeC25__1_.png,27,219
219,Realme C25 128 C25 128,10999,Blue,128,4,https://www.notebookcheck.net/uploads/tx_nbc2/RealmeC25__1_.png,27,220
221,Realme C12 32 C12 32,8999,Blue,32,3,https://i.ebayimg.com/images/g/v6EAAOSwgkxk8FPb/s-l1200.jpg,18,222
223,Realme 3i 64 3i 64,10499,Black,64,4,https://www.notebookcheck.net/uploads/tx_nbc2/OppoRealme3i__1_.JPG,1,224
224,Realme 5 Pro 128 5 Pro 128,16999,Green,128,8,https://m.media-amazon.com/images/I/51ZllmIfMSL._AC_UF894%2C1000_QL80_.jpg,2,225
226,Realme 7 Pro 128 7 Pro 128,19999,Blue,128,6,https://www.zdnet.com/a/img/resize/f3e004d03cd4d76b87381ce6a48f6c8bb1570b08/2020/11/05/d4dec8cf-b748-482d-b906-0cefcb9debdf/realme-7-pro-header.jpg?auto=webp&fit=crop&height=675&width=1200,9,1
227,Realme 7 128 7 128,17999,Blue,128,8,https://m.media-amazon.com/images/I/814J5iTgy5L.jpg,7,2
228,Realme 7 Pro 128 7 Pro 128,19999,Others,128,6,https://www.zdnet.com/a/img/resize/f3e004d03cd4d76b87381ce6a48f6c8bb1570b08/2020/11/05/d4dec8cf-b748-482d-b906-0cefcb9debdf/realme-7-pro-header.jpg?auto=webp&fit=crop&height=675&width=1200,9,3
229,Realme 7 Pro 128 7 Pro 128,21999,Blue,128,8,https://www.zdnet.com/a/img/resize/f3e004d03cd4d76b87381ce6a48f6c8bb1570b08/2020/11/05/d4dec8cf-b748-482d-b906-0cefcb9debdf/realme-7-pro-header.jpg?auto=webp&fit=crop&height=675&width=1200,9,4
230,Realme 7 Pro 128 7 Pro 128,19999,Silver,128,6,https://www.zdnet.com/a/img/resize/f3e004d03cd4d76b87381ce6a48f6c8bb1570b08/2020/11/05/d4dec8cf-b748-482d-b906-0cefcb9debdf/realme-7-pro-header.jpg?auto=webp&fit=crop&height=675&width=1200,9,5
231,Realme 5 Pro 64 5 Pro 64,14999,White,64,6,https://m.media-amazon.com/images/I/51ZllmIfMSL._AC_UF894%2C1000_QL80_.jpg,3,6
232,Realme 5 Pro 64 5 Pro 64,14999,Green,64,6,https://m.media-amazon.com/images/I/51ZllmIfMSL._AC_UF894%2C1000_QL80_.jpg,3,7
233,Realme 7 64 7 64,14999,White,64,6,https://m.media-amazon.com/images/I/814J5iTgy5L.jpg,8,8
234,Realme Narzo 20 Pro 128 Narzo 20 Pro 128,16999,Others,128,8,https://i.ebayimg.com/images/g/sFAAAOSw8H1lxyt0/s-l1200.jpg,117,9
237,Realme Narzo 20 64 Narzo 20 64,10499,Blue,64,4,https://i.ebayimg.com/images/g/NQ8AAOSwT2llxytz/s-l1200.jpg,116,12
238,Realme Narzo 20 64 Narzo 20 64,10499,Silver,64,4,https://i.ebayimg.com/images/g/NQ8AAOSwT2llxytz/s-l1200.jpg,116,13
239,Realme Narzo 20 128 Narzo 20 128,11499,Silver,128,4,https://i.ebayimg.com/images/g/NQ8AAOSwT2llxytz/s-l1200.jpg,115,14
240,Realme Narzo 10A 64 Narzo 10A 64,9999,White,64,4,https://i.ebayimg.com/images/g/0vEAAOSwaOFl-sya/s-l1200.jpg,114,15
242,Realme Narzo 20 128 Narzo 20 128,11499,Blue,128,4,https://i.ebayimg.com/images/g/NQ8AAOSwT2llxytz/s-l1200.jpg,115,17
243,Realme C2 16 C2 16,6499,Black,16,2,https://www.giztop.com/media/catalog/product/cache/97cc1143d2e20f2b0c8ea91aaa12053c/r/e/realme_c2.jpg,21,18
244,Realme Narzo 10A 32 Narzo 10A 32,8999,White,32,3,https://i.ebayimg.com/images/g/0vEAAOSwaOFl-sya/s-l1200.jpg,113,19
245,Realme Narzo 10A 32 Narzo 10A 32,8999,Blue,32,3,https://i.ebayimg.com/images/g/0vEAAOSwaOFl-sya/s-l1200.jpg,113,20
246,Realme Narzo 20A 32 Narzo 20A 32,8499,Silver,32,3,https://fdn2.gsmarena.com/vv/bigpic/realme-narzo-20a.jpg,119,21
247,Realme Narzo 10 128 Narzo 10 128,11999,Green,128,4,https://www.corning.com/microsites/csm/gorillaglass/Realme/CGG_RealmeNarzo10.jpg,112,22
248,Realme Narzo 10 128 Narzo 10 128,11999,White,128,4,https://www.corning.com/microsites/csm/gorillaglass/Realme/CGG_RealmeNarzo10.jpg,112,23
249,Realme Narzo 20A 64 Narzo 20A 64,9499,Silver,64,4,https://fdn2.gsmarena.com/vv/bigpic/realme-narzo-20a.jpg,120,24
250,Samsung Galaxy F22 64 Galaxy F22 64,12999,Black,64,4,https://i.ebayimg.com/images/g/zzsAAOSwtLVmpOuZ/s-l1200.jpg,65,25
251,Samsung Galaxy F22 64 Galaxy F22 64,12999,Blue,64,4,https://i.ebayimg.com/images/g/zzsAAOSwtLVmpOuZ/s-l1200.jpg,65,26
252,Samsung Galaxy F22 128 Galaxy F22 128,14999,Blue,128,6,https://i.ebayimg.com/images/g/zzsAAOSwtLVmpOuZ/s-l1200.jpg,64,27
253,Samsung Galaxy F22 128 Galaxy F22 128,14999,Black,128,6,https://i.ebayimg.com/images/g/zzsAAOSwtLVmpOuZ/s-l1200.jpg,64,28
254,Samsung Galaxy F12 64 Galaxy F12 64,11499,Blue,64,4,https://fdn2.gsmarena.com/vv/bigpic/samsung-galaxy-f12.jpg,63,29
255,Samsung Galaxy F12 64 Galaxy F12 64,11499,Green,64,4,https://fdn2.gsmarena.com/vv/bigpic/samsung-galaxy-f12.jpg,63,30
256,Samsung M02s 32 M02s 32,9569,Blue,32,3,https://i.ebayimg.com/images/g/wfwAAOSweUtgBnAL/s-l1200.jpg,92,31
257,Samsung Galaxy M02 32 Galaxy M02 32,8278,Blue,32,2,https://i.ebayimg.com/images/g/m4IAAOSwG8tgJQLs/s-l400.jpg,74,32
258,Samsung Galaxy A22 128 Galaxy A22 128,18499,Black,128,6,https://i.ebayimg.com/images/g/AqIAAOSw0N9hGG~N/s-l1200.jpg,49,33
259,Samsung Galaxy F12 128 Galaxy F12 128,12499,Green,128,4,https://fdn2.gsmarena.com/vv/bigpic/samsung-galaxy-f12.jpg,62,34
260,Samsung Galaxy F12 64 Galaxy F12 64,11499,Black,64,4,https://fdn2.gsmarena.com/vv/bigpic/samsung-galaxy-f12.jpg,63,35
261,Samsung Galaxy F12 128 Galaxy F12 128,12499,Blue,128,4,https://fdn2.gsmarena.com/vv/bigpic/samsung-galaxy-f12.jpg,62,36
262,Samsung Galaxy A52s 5G 128 Galaxy A52s 5G 128,37499,White,128,8,https://m.media-amazon.com/images/I/61tW%2BIqxmeL.jpg,55,37
263,Samsung Galaxy M32 64 Galaxy M32 64,14750,Black,64,4,https://i5.walmartimages.com/seo/SAMSUNG-Galaxy-M32-128GB-6GB-6-4-GSM-Unlocked-US-Global-4G-VoLTE-M325FV-DS_ae57a476-2116-4344-92cc-bcc396b69619.7ff5456aa3fc7293a47504dd4852b0dd.jpeg?odnHeight=768&odnWidth=768&odnBg=FFFFFF,79,38
264,Samsung Galaxy F12 128 Galaxy F12 128,12499,Black,128,4,https://fdn2.gsmarena.com/vv/bigpic/samsung-galaxy-f12.jpg,62,39
265,Samsung Galaxy Z Flip3 5G 256 Galaxy Z Flip3 5G 256,88999,Others,256,8,https://m.media-amazon.com/images/I/51DhX1XpliL.jpg,89,40
266,Samsung Galaxy M02 32 Galaxy M02 32,8238,Black,32,2,https://i.ebayimg.com/images/g/m4IAAOSwG8tgJQLs/s-l400.jpg,74,41
267,Samsung Galaxy A22 5G 128 Galaxy A22 5G 128,21999,Gray,128,8,https://images.samsung.com/is/image/samsung/p6pim/levant/feature/150669991/levant-feature-galaxy-a22-5g-a226-496143521?$FB_TYPE_A_MO_JPG$,50,42
268,Samsung Galaxy A21s 128 Galaxy A21s 128,17499,Black,128,6,https://m.media-amazon.com/images/I/618DO53uuGL.jpg,47,43
269,Samsung Galaxy A03s 64 Galaxy A03s 64,12499,Black,64,4,https://image-us.samsung.com/SamsungUS/home/mobile/phones/pdp/galazy-a/galaxy-a03s/gallery/black/Galaxy-A03s-black-1.jpg?$product-details-jpg$,40,44
270,Samsung Galaxy M31 128 Galaxy M31 128,17599,Black,128,6,https://i.ebayimg.com/images/g/MgQAAOSw7cdffYib/s-l1200.jpg,77,45
271,Samsung Galaxy M31 128 Galaxy M31 128,18666,Blue,128,8,https://i.ebayimg.com/images/g/MgQAAOSw7cdffYib/s-l1200.jpg,77,46
272,Samsung Galaxy A51 128 Galaxy A51 128,22499,Black,128,8,https://m.media-amazon.com/images/I/81Mz%2BmHMdbL.jpg,53,47
273,Samsung Galaxy A72 128 Galaxy A72 128,34225,Black,128,8,https://m.media-amazon.com/images/I/51%2Bl9agvu3S._AC_UF894%2C1000_QL80_.jpg,58,48
274,Samsung Galaxy A51 128 Galaxy A51 128,22499,Blue,128,8,https://m.media-amazon.com/images/I/81Mz%2BmHMdbL.jpg,53,49
275,Samsung Galaxy A21s 128 Galaxy A21s 128,17499,Blue,128,6,https://m.media-amazon.com/images/I/618DO53uuGL.jpg,47,50
276,Samsung Galaxy A12 64 Galaxy A12 64,12176,Blue,64,4,https://m.media-amazon.com/images/I/91MYZ050dYS.jpg,43,51
277,Samsung Galaxy Z Flip3 5G 128 Galaxy Z Flip3 5G 128,84999,Black,128,8,https://m.media-amazon.com/images/I/51DhX1XpliL.jpg,88,52
278,Samsung Galaxy F62 128 Galaxy F62 128,23999,Gray,128,6,https://www.notebookcheck.net/uploads/tx_nbc2/SamsungGalaxyF62.jpg,68,53
279,Samsung Galaxy A22 5G 128 Galaxy A22 5G 128,20288,Gray,128,6,https://images.samsung.com/is/image/samsung/p6pim/levant/feature/150669991/levant-feature-galaxy-a22-5g-a226-496143521?$FB_TYPE_A_MO_JPG$,50,54
280,Samsung Galaxy A31 128 Galaxy A31 128,16999,Blue,128,6,https://m.media-amazon.com/images/I/61a5ejk6K2L.jpg,51,55
281,Samsung Galaxy A52 128 Galaxy A52 128,27499,Black,128,6,https://m.media-amazon.com/images/I/61pj9th6ZOL._AC_UF350%2C350_QL50_.jpg,54,56
282,Samsung Galaxy A21s 128 Galaxy A21s 128,17499,Silver,128,6,https://m.media-amazon.com/images/I/618DO53uuGL.jpg,47,57
283,Samsung Galaxy A12 128 Galaxy A12 128,16499,Black,128,6,https://m.media-amazon.com/images/I/91MYZ050dYS.jpg,42,58
284,Samsung Galaxy F62 128 Galaxy F62 128,23999,Green,128,6,https://www.notebookcheck.net/uploads/tx_nbc2/SamsungGalaxyF62.jpg,68,59
285,Samsung Galaxy A03s 32 Galaxy A03s 32,11499,Black,32,3,https://image-us.samsung.com/SamsungUS/home/mobile/phones/pdp/galazy-a/galaxy-a03s/gallery/black/Galaxy-A03s-black-1.jpg?$product-details-jpg$,39,60
286,Samsung Galaxy F02s 64 Galaxy F02s 64,10499,Black,64,4,https://images.samsung.com/is/image/samsung/p6pim/in/sm-e025fakeins/gallery/in-galaxy-f02s-3gb-ram-sm-e025fakeins-420175964?$624_624_PNG$,61,61
287,Samsung Galaxy F62 128 Galaxy F62 128,23999,Blue,128,6,https://www.notebookcheck.net/uploads/tx_nbc2/SamsungGalaxyF62.jpg,68,62
288,Samsung Galaxy A52s 5G 128 Galaxy A52s 5G 128,37499,Black,128,8,https://m.media-amazon.com/images/I/61tW%2BIqxmeL.jpg,55,63
289,Samsung Galaxy F02s 64 Galaxy F02s 64,10499,Blue,64,4,https://images.samsung.com/is/image/samsung/p6pim/in/sm-e025fakeins/gallery/in-galaxy-f02s-3gb-ram-sm-e025fakeins-420175964?$624_624_PNG$,61,64
290,Samsung Galaxy M11 64 Galaxy M11 64,10986,Black,64,4,https://i.ebayimg.com/images/g/J~AAAOSwOI9nQOC0/s-l1200.jpg,75,65
291,Samsung Galaxy F41 64 Galaxy F41 64,15999,Green,64,6,https://www.corning.com/microsites/csm/gorillaglass/Samsung/CGG_samsung-galaxy-f41.jpg,67,66
292,Samsung Galaxy Z Flip3 5G 128 Galaxy Z Flip3 5G 128,84999,Others,128,8,https://m.media-amazon.com/images/I/51DhX1XpliL.jpg,88,67
293,Samsung Galaxy A12 64 Galaxy A12 64,12390,White,64,4,https://m.media-amazon.com/images/I/91MYZ050dYS.jpg,43,68
294,Samsung Galaxy A12 128 Galaxy A12 128,16499,White,128,6,https://m.media-amazon.com/images/I/91MYZ050dYS.jpg,42,69
295,Samsung Galaxy A22 5G 128 Galaxy A22 5G 128,20696,Others,128,6,https://images.samsung.com/is/image/samsung/p6pim/levant/feature/150669991/levant-feature-galaxy-a22-5g-a226-496143521?$FB_TYPE_A_MO_JPG$,50,70
296,Samsung Galaxy A21s 64 Galaxy A21s 64,14999,Blue,64,4,https://m.media-amazon.com/images/I/618DO53uuGL.jpg,48,71
297,Samsung Galaxy A31 128 Galaxy A31 128,22990,White,128,6,https://m.media-amazon.com/images/I/61a5ejk6K2L.jpg,51,72
298,Samsung Galaxy A51 128 Galaxy A51 128,20999,Silver,128,6,https://m.media-amazon.com/images/I/81Mz%2BmHMdbL.jpg,53,73
299,Samsung Galaxy A71 128 Galaxy A71 128,27499,Silver,128,8,https://m.media-amazon.com/images/I/51UN8CoAZwL.jpg,57,74
300,Samsung Galaxy Z Flip3 5G 256 Galaxy Z Flip3 5G 256,88999,Black,256,8,https://m.media-amazon.com/images/I/51DhX1XpliL.jpg,89,75
301,Samsung Galaxy Note 20 256 Galaxy Note 20 256,77999,Green,256,8,https://m.media-amazon.com/images/I/71hB8cEDLYL.jpg,81,76
302,Samsung Galaxy A21s 64 Galaxy A21s 64,14999,White,64,4,https://m.media-amazon.com/images/I/618DO53uuGL.jpg,48,77
303,Samsung Galaxy Z Fold3 5G 256 Galaxy Z Fold3 5G 256,149999,Black,256,12,https://m.media-amazon.com/images/I/71MFE2UY6-L.jpg,90,78
304,Samsung Galaxy M01 32 Galaxy M01 32,9299,Blue,32,3,https://www.notebookcheck.net/uploads/tx_nbc2/SamsungGalaxyM01__1_.JPG,73,79
305,Samsung Galaxy F02s 32 Galaxy F02s 32,9499,Black,32,3,https://images.samsung.com/is/image/samsung/p6pim/in/sm-e025fakeins/gallery/in-galaxy-f02s-3gb-ram-sm-e025fakeins-420175964?$624_624_PNG$,60,80
306,Samsung Galaxy Note 20 256 Galaxy Note 20 256,77999,Bronze,256,8,https://m.media-amazon.com/images/I/71hB8cEDLYL.jpg,81,81
307,Samsung Galaxy M02 32 Galaxy M02 32,8850,Gray,32,3,https://i.ebayimg.com/images/g/m4IAAOSwG8tgJQLs/s-l400.jpg,74,82
308,Samsung Galaxy A21s 64 Galaxy A21s 64,14999,Black,64,4,https://m.media-amazon.com/images/I/618DO53uuGL.jpg,48,83
309,Samsung Galaxy Z Fold3 5G 512 Galaxy Z Fold3 5G 512,157999,Black,512,12,https://m.media-amazon.com/images/I/71MFE2UY6-L.jpg,91,84
310,Samsung Galaxy Z Fold3 5G 256 Galaxy Z Fold3 5G 256,149999,Green,256,12,https://m.media-amazon.com/images/I/71MFE2UY6-L.jpg,90,85
311,Samsung Galaxy F02s 32 Galaxy F02s 32,9499,White,32,3,https://images.samsung.com/is/image/samsung/p6pim/in/sm-e025fakeins/gallery/in-galaxy-f02s-3gb-ram-sm-e025fakeins-420175964?$624_624_PNG$,60,86
312,Samsung Galaxy A03s 64 Galaxy A03s 64,12499,White,64,4,https://image-us.samsung.com/SamsungUS/home/mobile/phones/pdp/galazy-a/galaxy-a03s/gallery/black/Galaxy-A03s-black-1.jpg?$product-details-jpg$,40,87
313,Samsung Galaxy A52s 5G 128 Galaxy A52s 5G 128,35999,Black,128,6,https://m.media-amazon.com/images/I/61tW%2BIqxmeL.jpg,55,88
314,Samsung Galaxy A21s 64 Galaxy A21s 64,15199,Black,64,6,https://m.media-amazon.com/images/I/618DO53uuGL.jpg,48,89
315,Samsung Galaxy A50s 128 Galaxy A50s 128,14999,Black,128,4,https://images-na.ssl-images-amazon.com/images/I/71CCcJE1p8L._AC_UL495_SR435%2C495_.jpg,52,90
316,Samsung Galaxy A52 128 Galaxy A52 128,28999,Black,128,8,https://m.media-amazon.com/images/I/61pj9th6ZOL._AC_UF350%2C350_QL50_.jpg,54,91
317,Samsung Galaxy A03s 32 Galaxy A03s 32,11499,Blue,32,3,https://image-us.samsung.com/SamsungUS/home/mobile/phones/pdp/galazy-a/galaxy-a03s/gallery/black/Galaxy-A03s-black-1.jpg?$product-details-jpg$,39,92
318,Samsung Galaxy A03s 64 Galaxy A03s 64,12400,Blue,64,4,https://image-us.samsung.com/SamsungUS/home/mobile/phones/pdp/galazy-a/galaxy-a03s/gallery/black/Galaxy-A03s-black-1.jpg?$product-details-jpg$,40,93
319,Samsung Galaxy Note 20 Ultra 5G 256 Galaxy Note 20 Ultra 5G 256,91999,Bronze,256,12,https://m.media-amazon.com/images/I/81PFi-YatXL.jpg,82,94
320,Samsung Galaxy A03s 32 Galaxy A03s 32,11499,White,32,3,https://image-us.samsung.com/SamsungUS/home/mobile/phones/pdp/galazy-a/galaxy-a03s/gallery/black/Galaxy-A03s-black-1.jpg?$product-details-jpg$,39,95
321,Samsung Galaxy Note 20 256 Galaxy Note 20 256,54599,Blue,256,8,https://m.media-amazon.com/images/I/71hB8cEDLYL.jpg,81,96
322,Samsung Galaxy A52s 5G 128 Galaxy A52s 5G 128,35999,White,128,6,https://m.media-amazon.com/images/I/61tW%2BIqxmeL.jpg,55,97
323,Samsung Galaxy S20 FE 128 Galaxy S20 FE 128,49999,White,128,8,https://m.media-amazon.com/images/I/51yxI5nkPWL.jpg,85,98
324,Samsung Galaxy M02 32 Galaxy M02 32,8083,Red,32,3,https://i.ebayimg.com/images/g/m4IAAOSwG8tgJQLs/s-l400.jpg,74,99
325,Samsung Galaxy A12 128 Galaxy A12 128,16499,Blue,128,6,https://m.media-amazon.com/images/I/91MYZ050dYS.jpg,42,100
326,Samsung Galaxy Grand 2 8 Galaxy Grand 2 8,15999,Gold,8,1,https://images.samsung.com/is/image/samsung/hk-en_SM-G7105ZKATGY_001_white_white_10039596054419_10039596059237?$624_624_PNG$,70,101
327,Samsung Galaxy S20 FE 128 Galaxy S20 FE 128,49999,Others,128,8,https://m.media-amazon.com/images/I/51yxI5nkPWL.jpg,85,102
328,Samsung Galaxy Fold 2 256 Galaxy Fold 2 256,149999,Bronze,256,12,https://m.media-amazon.com/images/I/71xwqH%2Bm-KS.jpg,69,103
329,Samsung Galaxy A50s 128 Galaxy A50s 128,14999,Others,128,4,https://images-na.ssl-images-amazon.com/images/I/71CCcJE1p8L._AC_UL495_SR435%2C495_.jpg,52,104
330,Samsung Galaxy Note 20 Ultra 5G 256 Galaxy Note 20 Ultra 5G 256,91999,Black,256,12,https://m.media-amazon.com/images/I/81PFi-YatXL.jpg,82,105
331,Samsung Galaxy A7 64 Galaxy A7 64,17990,Blue,64,4,https://i.ebayimg.com/images/g/spUAAOSwuChk7Eeh/s-l1200.jpg,56,106
332,Samsung Galaxy J6 64 Galaxy J6 64,9490,Blue,64,4,https://i.ebayimg.com/images/g/rRwAAOSw0jhf-cjJ/s-l1200.jpg,71,107
333,Samsung Galaxy J7 - 6 16 Galaxy J7 - 6 16,15299,Others,16,2,https://i.ebayimg.com/images/g/JDoAAOSwFYxiuJ-c/s-l1200.jpg,72,108
334,Samsung Galaxy A10 32 Galaxy A10 32,7990,Blue,32,2,https://m.media-amazon.com/images/I/81Y-K6WxhoS.jpg,41,109
335,Samsung Galaxy Grand 2 8 Galaxy Grand 2 8,15999,Black,8,1,https://images.samsung.com/is/image/samsung/hk-en_SM-G7105ZKATGY_001_white_white_10039596054419_10039596059237?$624_624_PNG$,70,110
336,Samsung Galaxy J7 - 6 16 Galaxy J7 - 6 16,13800,Others,16,2,https://i.ebayimg.com/images/g/JDoAAOSwFYxiuJ-c/s-l1200.jpg,72,111
337,Samsung Galaxy A20 32 Galaxy A20 32,11490,Black,32,3,https://m.media-amazon.com/images/I/71ZT0FGGdxL._AC_UF894%2C1000_QL80_.jpg,44,112
338,Samsung Galaxy A22 5G 128 Galaxy A22 5G 128,21999,Others,128,8,https://images.samsung.com/is/image/samsung/p6pim/levant/feature/150669991/levant-feature-galaxy-a22-5g-a226-496143521?$FB_TYPE_A_MO_JPG$,50,113
339,Samsung Galaxy F02s 32 Galaxy F02s 32,9499,Blue,32,3,https://images.samsung.com/is/image/samsung/p6pim/in/sm-e025fakeins/gallery/in-galaxy-f02s-3gb-ram-sm-e025fakeins-420175964?$624_624_PNG$,60,114
340,Samsung Galaxy F62 128 Galaxy F62 128,25999,Blue,128,8,https://www.notebookcheck.net/uploads/tx_nbc2/SamsungGalaxyF62.jpg,68,115
341,Samsung Galaxy F41 128 Galaxy F41 128,14499,Green,128,6,https://www.corning.com/microsites/csm/gorillaglass/Samsung/CGG_samsung-galaxy-f41.jpg,66,116
342,Samsung Galaxy F41 128 Galaxy F41 128,14499,Black,128,6,https://www.corning.com/microsites/csm/gorillaglass/Samsung/CGG_samsung-galaxy-f41.jpg,66,117
343,Samsung Galaxy F41 128 Galaxy F41 128,14499,Blue,128,6,https://www.corning.com/microsites/csm/gorillaglass/Samsung/CGG_samsung-galaxy-f41.jpg,66,118
344,Samsung M02s 64 M02s 64,9999,Red,64,4,https://i.ebayimg.com/images/g/wfwAAOSweUtgBnAL/s-l1200.jpg,93,119
345,Samsung Galaxy F41 64 Galaxy F41 64,15999,Black,64,6,https://www.corning.com/microsites/csm/gorillaglass/Samsung/CGG_samsung-galaxy-f41.jpg,67,120
346,Samsung Galaxy F41 64 Galaxy F41 64,15999,Blue,64,6,https://www.corning.com/microsites/csm/gorillaglass/Samsung/CGG_samsung-galaxy-f41.jpg,67,121
347,Samsung Galaxy M32 128 Galaxy M32 128,16980,Black,128,6,https://i5.walmartimages.com/seo/SAMSUNG-Galaxy-M32-128GB-6GB-6-4-GSM-Unlocked-US-Global-4G-VoLTE-M325FV-DS_ae57a476-2116-4344-92cc-bcc396b69619.7ff5456aa3fc7293a47504dd4852b0dd.jpeg?odnHeight=768&odnWidth=768&odnBg=FFFFFF,78,122
348,Samsung Galaxy A72 128 Galaxy A72 128,34999,Blue,128,8,https://m.media-amazon.com/images/I/51%2Bl9agvu3S._AC_UF894%2C1000_QL80_.jpg,58,123
349,Samsung Galaxy A52 128 Galaxy A52 128,28999,Blue,128,8,https://m.media-amazon.com/images/I/61pj9th6ZOL._AC_UF350%2C350_QL50_.jpg,54,124
350,Samsung Galaxy A80 128 Galaxy A80 128,28490,Gold,128,8,https://img.global.news.samsung.com/global/wp-content/uploads/2019/04/11_GalaxyA80_allcolors_combo1_main.jpg,59,125
351,Samsung Galaxy F62 128 Galaxy F62 128,25999,Gray,128,8,https://www.notebookcheck.net/uploads/tx_nbc2/SamsungGalaxyF62.jpg,68,126
352,Samsung Galaxy S21 Plus 128 Galaxy S21 Plus 128,71999,Black,128,8,https://m.media-amazon.com/images/I/41t7gEMl9gS._AC_UF894%2C1000_QL80_.jpg,87,127
353,Samsung Galaxy M42 128 Galaxy M42 128,24499,Gray,128,8,https://news.samsung.com/in/wp-content/themes/btr_newsroom/download.php?id=5EHEZ6wIvt8Ad2QB4%2BI4PXcIe2h9FIPFzKNa3EsW0Ao%3D,80,128
354,Samsung Galaxy A51 128 Galaxy A51 128,20999,Black,128,6,https://m.media-amazon.com/images/I/81Mz%2BmHMdbL.jpg,53,129
355,Samsung Galaxy M30s 64 Galaxy M30s 64,14090,Blue,64,4,https://static.wikia.nocookie.net/samsung-galaxy/images/6/64/Samsung-galaxy-m30s-1.jpg/revision/latest?cb=20240529095506,76,130
356,Samsung Galaxy A20s 32 Galaxy A20s 32,11599,Blue,32,3,https://m.media-amazon.com/images/I/61ccAxqJ1sL._AC_UF894%2C1000_QL80_.jpg,45,131
357,Samsung Galaxy Note10 Lite 128 Galaxy Note10 Lite 128,39999,Others,128,8,https://i5.walmartimages.com/seo/Samsung-Galaxy-Note-10-Lite-Dual-SIM-128GB-ROM-6GB-RAM-GSM-Only-No-CDMA-Factory-Unlocked-4G-LTE-Smartphone-Aura-Red-International-Version_7e5ca53a-d52a-4f94-ae40-98d5333e205b.ee38aea0b6d8f4a166e609a4feb64d46.jpeg,83,132
358,Samsung Galaxy M01 32 Galaxy M01 32,8999,Red,32,3,https://www.notebookcheck.net/uploads/tx_nbc2/SamsungGalaxyM01__1_.JPG,73,133
359,Samsung Galaxy F62 128 Galaxy F62 128,25999,Green,128,8,https://www.notebookcheck.net/uploads/tx_nbc2/SamsungGalaxyF62.jpg,68,134
360,Samsung Galaxy S20 FE 128 Galaxy S20 FE 128,49999,Red,128,8,https://m.media-amazon.com/images/I/51yxI5nkPWL.jpg,85,135
361,Samsung Galaxy A71 128 Galaxy A71 128,27499,Blue,128,8,https://m.media-amazon.com/images/I/51UN8CoAZwL.jpg,57,136
362,Samsung Galaxy A20s 32 Galaxy A20s 32,11599,Green,32,3,https://m.media-amazon.com/images/I/61ccAxqJ1sL._AC_UF894%2C1000_QL80_.jpg,45,137
363,Samsung Galaxy S21 256 Galaxy S21 256,73999,Gray,256,8,https://m.media-amazon.com/images/I/61XyNdmvr6L._AC_UF894%2C1000_QL80_.jpg,86,138
364,Samsung Galaxy A51 128 Galaxy A51 128,20999,Blue,128,6,https://m.media-amazon.com/images/I/81Mz%2BmHMdbL.jpg,53,139
365,Samsung Galaxy A20s 32 Galaxy A20s 32,11599,Black,32,3,https://m.media-amazon.com/images/I/61ccAxqJ1sL._AC_UF894%2C1000_QL80_.jpg,45,140
366,Samsung Galaxy A20s 64 Galaxy A20s 64,13695,Green,64,4,https://m.media-amazon.com/images/I/61ccAxqJ1sL._AC_UF894%2C1000_QL80_.jpg,46,141
367,Samsung Galaxy S10 128 Galaxy S10 128,39999,Black,128,8,https://m.media-amazon.com/images/I/61wTWYG08AL.jpg,84,142
368,Samsung Galaxy A20s 64 Galaxy A20s 64,13695,Blue,64,4,https://m.media-amazon.com/images/I/61ccAxqJ1sL._AC_UF894%2C1000_QL80_.jpg,46,143
370,Xiaomi Mi 11X 128 Mi 11X 128,24398,White,128,6,https://m.media-amazon.com/images/I/71VQXjN6R7S._SL1500_.jpg,108,145
372,Xiaomi Mi A3 64 Mi A3 64,12990,Blue,64,4,https://m.media-amazon.com/images/I/412Pq2Ar8GL.jpg,111,147
374,Xiaomi Mi 11 Lite 128 Mi 11 Lite 128,23999,Black,128,8,https://i.ebayimg.com/images/g/wJwAAOSwQ~ZgmCi9/s-l1200.jpg,107,149
375,Xiaomi Mi 11 Lite 128 Mi 11 Lite 128,23999,Blue,128,8,https://i.ebayimg.com/images/g/wJwAAOSwQ~ZgmCi9/s-l1200.jpg,107,150
377,Xiaomi Mi 11X 128 Mi 11X 128,24780,Silver,128,6,https://m.media-amazon.com/images/I/71VQXjN6R7S._SL1500_.jpg,108,151
386,Xiaomi Mi 11 Lite 128 Mi 11 Lite 128,23999,Others,128,8,https://i.ebayimg.com/images/g/wJwAAOSwQ~ZgmCi9/s-l1200.jpg,107,152
387,Xiaomi Mi 11 Lite 128 Mi 11 Lite 128,21999,Black,128,6,https://i.ebayimg.com/images/g/wJwAAOSwQ~ZgmCi9/s-l1200.jpg,107,153
388,Xiaomi Mi 11 Lite 128 Mi 11 Lite 128,21999,Blue,128,6,https://i.ebayimg.com/images/g/wJwAAOSwQ~ZgmCi9/s-l1200.jpg,107,154
391,Xiaomi Mi A3 64 Mi A3 64,12990,White,64,4,https://m.media-amazon.com/images/I/412Pq2Ar8GL.jpg,111,155
394,Xiaomi Mi A3 64 Mi A3 64,12990,Gray,64,4,https://m.media-amazon.com/images/I/412Pq2Ar8GL.jpg,111,158
427,Xiaomi Mi 11 Lite 128 Mi 11 Lite 128,21999,Others,128,6,https://i.ebayimg.com/images/g/wJwAAOSwQ~ZgmCi9/s-l1200.jpg,107,159
